target,task,comparison,train_version,test_version,fold,n_train,n_test,balanced_accuracy,macro_f1,roc_auc
bout_state,classification,within,raw,raw,0,2536,635,0.6681495809155383,0.6039736279401282,0.7356931012250162
bout_state,classification,within,raw,raw,1,2533,635,0.6800540499962465,0.6757519515424295,0.7618797387583515
bout_state,classification,within,raw,raw,2,2534,634,0.6603257757929692,0.6120637406295765,0.7715991068361387
bout_state,classification,within,raw,raw,3,2533,635,0.6653585962686961,0.6466587862327013,0.7249088314571112
bout_state,classification,within,raw,raw,4,2536,635,0.6234206989247312,0.623150454821307,0.6873252688172045
bout_state,classification,within,fastica/keep_top_01/cleaned_fastica_220127_F4_run2_fluorescence,fastica/keep_top_01/cleaned_fastica_220127_F4_run2_fluorescence,0,2536,635,0.4808188265635074,0.47783425660114537,0.4705480335267569
bout_state,classification,within,fastica/keep_top_01/cleaned_fastica_220127_F4_run2_fluorescence,fastica/keep_top_01/cleaned_fastica_220127_F4_run2_fluorescence,1,2533,635,0.5154017466156194,0.5129690336374593,0.5312038635738058
bout_state,classification,within,fastica/keep_top_01/cleaned_fastica_220127_F4_run2_fluorescence,fastica/keep_top_01/cleaned_fastica_220127_F4_run2_fluorescence,2,2534,634,0.4714731478300698,0.4204934815310045,0.44744074201305395
bout_state,classification,within,fastica/keep_top_01/cleaned_fastica_220127_F4_run2_fluorescence,fastica/keep_top_01/cleaned_fastica_220127_F4_run2_fluorescence,3,2533,635,0.4850562866656096,0.4850232207109543,0.4876460017969453
bout_state,classification,within,fastica/keep_top_01/cleaned_fastica_220127_F4_run2_fluorescence,fastica/keep_top_01/cleaned_fastica_220127_F4_run2_fluorescence,4,2536,635,0.5152217741935483,0.3826633863735566,0.5163440860215054
bout_state,classification,within,fastica/keep_top_02/cleaned_fastica_220127_F4_run2_fluorescence,fastica/keep_top_02/cleaned_fastica_220127_F4_run2_fluorescence,0,2536,635,0.4949709864603481,0.4612476863998162,0.5083558994197293
bout_state,classification,within,fastica/keep_top_02/cleaned_fastica_220127_F4_run2_fluorescence,fastica/keep_top_02/cleaned_fastica_220127_F4_run2_fluorescence,1,2533,635,0.5020706653654631,0.49675583835066595,0.5506468483347096
bout_state,classification,within,fastica/keep_top_02/cleaned_fastica_220127_F4_run2_fluorescence,fastica/keep_top_02/cleaned_fastica_220127_F4_run2_fluorescence,2,2534,634,0.473720371006527,0.43560378221013885,0.4607380052673766
bout_state,classification,within,fastica/keep_top_02/cleaned_fastica_220127_F4_run2_fluorescence,fastica/keep_top_02/cleaned_fastica_220127_F4_run2_fluorescence,3,2533,635,0.5217152898895407,0.5193366363886596,0.5320543311664289
bout_state,classification,within,fastica/keep_top_02/cleaned_fastica_220127_F4_run2_fluorescence,fastica/keep_top_02/cleaned_fastica_220127_F4_run2_fluorescence,4,2536,635,0.5182795698924731,0.3113959275278086,0.5053091397849463
bout_state,classification,within,fastica/keep_top_03/cleaned_fastica_220127_F4_run2_fluorescence,fastica/keep_top_03/cleaned_fastica_220127_F4_run2_fluorescence,0,2536,635,0.5470664087685364,0.49067086249356145,0.5611734364925853
bout_state,classification,within,fastica/keep_top_03/cleaned_fastica_220127_F4_run2_fluorescence,fastica/keep_top_03/cleaned_fastica_220127_F4_run2_fluorescence,1,2533,635,0.5590483697420114,0.5600766222364115,0.6177339038610714
bout_state,classification,within,fastica/keep_top_03/cleaned_fastica_220127_F4_run2_fluorescence,fastica/keep_top_03/cleaned_fastica_220127_F4_run2_fluorescence,2,2534,634,0.5174911256154815,0.48956906170991116,0.5676170846215505
bout_state,classification,within,fastica/keep_top_03/cleaned_fastica_220127_F4_run2_fluorescence,fastica/keep_top_03/cleaned_fastica_220127_F4_run2_fluorescence,3,2533,635,0.5521114106019767,0.5460681534388125,0.5837561439670207
bout_state,classification,within,fastica/keep_top_03/cleaned_fastica_220127_F4_run2_fluorescence,fastica/keep_top_03/cleaned_fastica_220127_F4_run2_fluorescence,4,2536,635,0.5129704301075269,0.41527231892195393,0.5188844086021505
bout_state,classification,within,fastica/keep_top_04/cleaned_fastica_220127_F4_run2_fluorescence,fastica/keep_top_04/cleaned_fastica_220127_F4_run2_fluorescence,0,2536,635,0.5763056092843327,0.5083236546651181,0.6029593810444874
bout_state,classification,within,fastica/keep_top_04/cleaned_fastica_220127_F4_run2_fluorescence,fastica/keep_top_04/cleaned_fastica_220127_F4_run2_fluorescence,1,2533,635,0.5919725746315342,0.5831011149400803,0.6581462853139154
bout_state,classification,within,fastica/keep_top_04/cleaned_fastica_220127_F4_run2_fluorescence,fastica/keep_top_04/cleaned_fastica_220127_F4_run2_fluorescence,2,2534,634,0.5760763769609527,0.5410706283823378,0.6220227871292797
bout_state,classification,within,fastica/keep_top_04/cleaned_fastica_220127_F4_run2_fluorescence,fastica/keep_top_04/cleaned_fastica_220127_F4_run2_fluorescence,3,2533,635,0.5532411077638603,0.5542295542295542,0.5930976164050525
bout_state,classification,within,fastica/keep_top_04/cleaned_fastica_220127_F4_run2_fluorescence,fastica/keep_top_04/cleaned_fastica_220127_F4_run2_fluorescence,4,2536,635,0.5482190860215054,0.4894121430942895,0.5674193548387098
bout_state,classification,within,fastica/keep_top_05/cleaned_fastica_220127_F4_run2_fluorescence,fastica/keep_top_05/cleaned_fastica_220127_F4_run2_fluorescence,0,2536,635,0.6379754996776272,0.607001873410946,0.6783107672469375
bout_state,classification,within,fastica/keep_top_05/cleaned_fastica_220127_F4_run2_fluorescence,fastica/keep_top_05/cleaned_fastica_220127_F4_run2_fluorescence,1,2533,635,0.6403923629357156,0.6201295769560703,0.7007857267972876
bout_state,classification,within,fastica/keep_top_05/cleaned_fastica_220127_F4_run2_fluorescence,fastica/keep_top_05/cleaned_fastica_220127_F4_run2_fluorescence,2,2534,634,0.6004666208633918,0.570322810772249,0.6767290736287644
bout_state,classification,within,fastica/keep_top_05/cleaned_fastica_220127_F4_run2_fluorescence,fastica/keep_top_05/cleaned_fastica_220127_F4_run2_fluorescence,3,2533,635,0.604559748427673,0.5964429315898304,0.6628349452988743
bout_state,classification,within,fastica/keep_top_05/cleaned_fastica_220127_F4_run2_fluorescence,fastica/keep_top_05/cleaned_fastica_220127_F4_run2_fluorescence,4,2536,635,0.5854502688172043,0.5568611717772172,0.6241935483870968
bout_state,classification,within,fastica/keep_top_06/cleaned_fastica_220127_F4_run2_fluorescence,fastica/keep_top_06/cleaned_fastica_220127_F4_run2_fluorescence,0,2536,635,0.6180851063829788,0.5244234674387277,0.710535138620245
bout_state,classification,within,fastica/keep_top_06/cleaned_fastica_220127_F4_run2_fluorescence,fastica/keep_top_06/cleaned_fastica_220127_F4_run2_fluorescence,1,2533,635,0.6277118834922303,0.6195755332526633,0.6804544203388134
bout_state,classification,within,fastica/keep_top_06/cleaned_fastica_220127_F4_run2_fluorescence,fastica/keep_top_06/cleaned_fastica_220127_F4_run2_fluorescence,2,2534,634,0.6801500057254093,0.6058645541068384,0.7452622237489981
bout_state,classification,within,fastica/keep_top_06/cleaned_fastica_220127_F4_run2_fluorescence,fastica/keep_top_06/cleaned_fastica_220127_F4_run2_fluorescence,3,2533,635,0.6422691718196712,0.6220338832476036,0.6959727287141272
bout_state,classification,within,fastica/keep_top_06/cleaned_fastica_220127_F4_run2_fluorescence,fastica/keep_top_06/cleaned_fastica_220127_F4_run2_fluorescence,4,2536,635,0.5751008064516129,0.5690349096717373,0.6598924731182796
bout_state,classification,within,infomax/keep_top_01/cleaned_infomax_220127_F4_run2_fluorescence,infomax/keep_top_01/cleaned_infomax_220127_F4_run2_fluorescence,0,2536,635,0.6093488072211477,0.4930347776127978,0.7126499032882012
bout_state,classification,within,infomax/keep_top_01/cleaned_infomax_220127_F4_run2_fluorescence,infomax/keep_top_01/cleaned_infomax_220127_F4_run2_fluorescence,1,2533,635,0.6926094137076796,0.7127259773799982,0.8223982183519757
bout_state,classification,within,infomax/keep_top_01/cleaned_infomax_220127_F4_run2_fluorescence,infomax/keep_top_01/cleaned_infomax_220127_F4_run2_fluorescence,2,2534,634,0.7257385778083133,0.6562046634698646,0.8212384060460323
bout_state,classification,within,infomax/keep_top_01/cleaned_infomax_220127_F4_run2_fluorescence,infomax/keep_top_01/cleaned_infomax_220127_F4_run2_fluorescence,3,2533,635,0.7010596691506792,0.6904494576378863,0.7867448866338986
bout_state,classification,within,infomax/keep_top_01/cleaned_infomax_220127_F4_run2_fluorescence,infomax/keep_top_01/cleaned_infomax_220127_F4_run2_fluorescence,4,2536,635,0.6436827956989247,0.5746571729957806,0.6945430107526882
bout_state,classification,within,infomax/keep_top_02/cleaned_infomax_220127_F4_run2_fluorescence,infomax/keep_top_02/cleaned_infomax_220127_F4_run2_fluorescence,0,2536,635,0.6103159252095423,0.5092919789626895,0.706769825918762
bout_state,classification,within,infomax/keep_top_02/cleaned_infomax_220127_F4_run2_fluorescence,infomax/keep_top_02/cleaned_infomax_220127_F4_run2_fluorescence,1,2533,635,0.7345482070915597,0.7425906648376416,0.8265770838025174
bout_state,classification,within,infomax/keep_top_02/cleaned_infomax_220127_F4_run2_fluorescence,infomax/keep_top_02/cleaned_infomax_220127_F4_run2_fluorescence,2,2534,634,0.7553532577579297,0.7071379947486143,0.8384289476697584
bout_state,classification,within,infomax/keep_top_02/cleaned_infomax_220127_F4_run2_fluorescence,infomax/keep_top_02/cleaned_infomax_220127_F4_run2_fluorescence,3,2533,635,0.7178201469266952,0.7009004848764719,0.7937476877543471
bout_state,classification,within,infomax/keep_top_02/cleaned_infomax_220127_F4_run2_fluorescence,infomax/keep_top_02/cleaned_infomax_220127_F4_run2_fluorescence,4,2536,635,0.6595430107526882,0.6105973216653408,0.7041801075268816
bout_state,classification,within,infomax/keep_top_03/cleaned_infomax_220127_F4_run2_fluorescence,infomax/keep_top_03/cleaned_infomax_220127_F4_run2_fluorescence,0,2536,635,0.6357511283043198,0.556374298827129,0.7288845905867183
bout_state,classification,within,infomax/keep_top_03/cleaned_infomax_220127_F4_run2_fluorescence,infomax/keep_top_03/cleaned_infomax_220127_F4_run2_fluorescence,1,2533,635,0.6897943097365062,0.6884161490683229,0.7665840902835122
bout_state,classification,within,infomax/keep_top_03/cleaned_infomax_220127_F4_run2_fluorescence,infomax/keep_top_03/cleaned_infomax_220127_F4_run2_fluorescence,2,2534,634,0.6999599221344326,0.6641287206780997,0.808041337455628
bout_state,classification,within,infomax/keep_top_03/cleaned_infomax_220127_F4_run2_fluorescence,infomax/keep_top_03/cleaned_infomax_220127_F4_run2_fluorescence,3,2533,635,0.6882432218170287,0.6141097176951549,0.7561307541884679
bout_state,classification,within,infomax/keep_top_03/cleaned_infomax_220127_F4_run2_fluorescence,infomax/keep_top_03/cleaned_infomax_220127_F4_run2_fluorescence,4,2536,635,0.626008064516129,0.6205453036122085,0.7061424731182795
bout_state,classification,within,infomax/keep_top_04/cleaned_infomax_220127_F4_run2_fluorescence,infomax/keep_top_04/cleaned_infomax_220127_F4_run2_fluorescence,0,2536,635,0.6224049000644746,0.6007019870578282,0.6501869761444229
bout_state,classification,within,infomax/keep_top_04/cleaned_infomax_220127_F4_run2_fluorescence,infomax/keep_top_04/cleaned_infomax_220127_F4_run2_fluorescence,1,2533,635,0.6056602357180392,0.6032416936195236,0.6787278232364937
bout_state,classification,within,infomax/keep_top_04/cleaned_infomax_220127_F4_run2_fluorescence,infomax/keep_top_04/cleaned_infomax_220127_F4_run2_fluorescence,2,2534,634,0.6762281003091721,0.6102342841813466,0.7474092522615366
bout_state,classification,within,infomax/keep_top_04/cleaned_infomax_220127_F4_run2_fluorescence,infomax/keep_top_04/cleaned_infomax_220127_F4_run2_fluorescence,3,2533,635,0.6390320279055017,0.5974632328622141,0.7066354843824322
bout_state,classification,within,infomax/keep_top_04/cleaned_infomax_220127_F4_run2_fluorescence,infomax/keep_top_04/cleaned_infomax_220127_F4_run2_fluorescence,4,2536,635,0.5948252688172043,0.6006158633903025,0.6741666666666667
bout_state,classification,within,infomax/keep_top_05/cleaned_infomax_220127_F4_run2_fluorescence,infomax/keep_top_05/cleaned_infomax_220127_F4_run2_fluorescence,0,2536,635,0.609638942617666,0.5286895108686015,0.6909219858156028
bout_state,classification,within,infomax/keep_top_05/cleaned_infomax_220127_F4_run2_fluorescence,infomax/keep_top_05/cleaned_infomax_220127_F4_run2_fluorescence,1,2533,635,0.6493569051372519,0.6460293541115358,0.7288241623501739
bout_state,classification,within,infomax/keep_top_05/cleaned_infomax_220127_F4_run2_fluorescence,infomax/keep_top_05/cleaned_infomax_220127_F4_run2_fluorescence,2,2534,634,0.6595957860987061,0.6276064610866373,0.7225323485629223
bout_state,classification,within,infomax/keep_top_05/cleaned_infomax_220127_F4_run2_fluorescence,infomax/keep_top_05/cleaned_infomax_220127_F4_run2_fluorescence,3,2533,635,0.6359732572274193,0.6156730408698913,0.7125944717509647
bout_state,classification,within,infomax/keep_top_05/cleaned_infomax_220127_F4_run2_fluorescence,infomax/keep_top_05/cleaned_infomax_220127_F4_run2_fluorescence,4,2536,635,0.5897177419354839,0.593851270680539,0.676263440860215
bout_state,classification,within,infomax/keep_top_06/cleaned_infomax_220127_F4_run2_fluorescence,infomax/keep_top_06/cleaned_infomax_220127_F4_run2_fluorescence,0,2536,635,0.6166666666666667,0.5459973502738136,0.7036750483558993
bout_state,classification,within,infomax/keep_top_06/cleaned_infomax_220127_F4_run2_fluorescence,infomax/keep_top_06/cleaned_infomax_220127_F4_run2_fluorescence,1,2533,635,0.6634511923529265,0.6570167259603924,0.7289117433626104
bout_state,classification,within,infomax/keep_top_06/cleaned_infomax_220127_F4_run2_fluorescence,infomax/keep_top_06/cleaned_infomax_220127_F4_run2_fluorescence,2,2534,634,0.680221573342494,0.6107198324123235,0.7506584220771786
bout_state,classification,within,infomax/keep_top_06/cleaned_infomax_220127_F4_run2_fluorescence,infomax/keep_top_06/cleaned_infomax_220127_F4_run2_fluorescence,3,2533,635,0.685270334548914,0.6610079009182148,0.7222926906611701
bout_state,classification,within,infomax/keep_top_06/cleaned_infomax_220127_F4_run2_fluorescence,infomax/keep_top_06/cleaned_infomax_220127_F4_run2_fluorescence,4,2536,635,0.6123991935483871,0.6154591478332485,0.6737365591397849
bout_state,classification,within,jade/keep_top_01/cleaned_jade_220127_F4_run2_fluorescence,jade/keep_top_01/cleaned_jade_220127_F4_run2_fluorescence,0,2536,635,0.5360412637008382,0.5143623101403748,0.5493359123146357
bout_state,classification,within,jade/keep_top_01/cleaned_jade_220127_F4_run2_fluorescence,jade/keep_top_01/cleaned_jade_220127_F4_run2_fluorescence,1,2533,635,0.547406350874559,0.47117873461027704,0.5412756800040036
bout_state,classification,within,jade/keep_top_01/cleaned_jade_220127_F4_run2_fluorescence,jade/keep_top_01/cleaned_jade_220127_F4_run2_fluorescence,2,2534,634,0.5033064239093096,0.4482564605478681,0.4923852055421963
bout_state,classification,within,jade/keep_top_01/cleaned_jade_220127_F4_run2_fluorescence,jade/keep_top_01/cleaned_jade_220127_F4_run2_fluorescence,3,2533,635,0.5384427355848,0.5291776401641872,0.5463506157179853
bout_state,classification,within,jade/keep_top_01/cleaned_jade_220127_F4_run2_fluorescence,jade/keep_top_01/cleaned_jade_220127_F4_run2_fluorescence,4,2536,635,0.5082661290322581,0.5043087551938632,0.5329435483870968
bout_state,classification,within,jade/keep_top_02/cleaned_jade_220127_F4_run2_fluorescence,jade/keep_top_02/cleaned_jade_220127_F4_run2_fluorescence,0,2536,635,0.5421663442940039,0.5269538128132195,0.5583752417794972
bout_state,classification,within,jade/keep_top_02/cleaned_jade_220127_F4_run2_fluorescence,jade/keep_top_02/cleaned_jade_220127_F4_run2_fluorescence,1,2533,635,0.5174223656882616,0.4521688535773043,0.5337937592272852
bout_state,classification,within,jade/keep_top_02/cleaned_jade_220127_F4_run2_fluorescence,jade/keep_top_02/cleaned_jade_220127_F4_run2_fluorescence,2,2534,634,0.5379451505782664,0.42455076420998117,0.5308313294400551
bout_state,classification,within,jade/keep_top_02/cleaned_jade_220127_F4_run2_fluorescence,jade/keep_top_02/cleaned_jade_220127_F4_run2_fluorescence,3,2533,635,0.5153731303842292,0.5088414489028512,0.5273769885312616
bout_state,classification,within,jade/keep_top_02/cleaned_jade_220127_F4_run2_fluorescence,jade/keep_top_02/cleaned_jade_220127_F4_run2_fluorescence,4,2536,635,0.5532930107526881,0.5317602443906035,0.5699193548387096
bout_state,classification,within,jade/keep_top_03/cleaned_jade_220127_F4_run2_fluorescence,jade/keep_top_03/cleaned_jade_220127_F4_run2_fluorescence,0,2536,635,0.5652804642166345,0.5353658536585366,0.5805802707930368
bout_state,classification,within,jade/keep_top_03/cleaned_jade_220127_F4_run2_fluorescence,jade/keep_top_03/cleaned_jade_220127_F4_run2_fluorescence,1,2533,635,0.5480319295348197,0.5122734967709575,0.5611190351074744
bout_state,classification,within,jade/keep_top_03/cleaned_jade_220127_F4_run2_fluorescence,jade/keep_top_03/cleaned_jade_220127_F4_run2_fluorescence,2,2534,634,0.5775506698728959,0.43181880590233834,0.5806423909309515
bout_state,classification,within,jade/keep_top_03/cleaned_jade_220127_F4_run2_fluorescence,jade/keep_top_03/cleaned_jade_220127_F4_run2_fluorescence,3,2533,635,0.5761851910575551,0.5608163552387874,0.5764626605359124
bout_state,classification,within,jade/keep_top_03/cleaned_jade_220127_F4_run2_fluorescence,jade/keep_top_03/cleaned_jade_220127_F4_run2_fluorescence,4,2536,635,0.5798051075268817,0.5406852803655411,0.594260752688172
bout_state,classification,within,jade/keep_top_04/cleaned_jade_220127_F4_run2_fluorescence,jade/keep_top_04/cleaned_jade_220127_F4_run2_fluorescence,0,2536,635,0.5761766602192134,0.5411270413083715,0.6023468729851709
bout_state,classification,within,jade/keep_top_04/cleaned_jade_220127_F4_run2_fluorescence,jade/keep_top_04/cleaned_jade_220127_F4_run2_fluorescence,1,2533,635,0.5574406325851413,0.5131134971304947,0.583689913169682
bout_state,classification,within,jade/keep_top_04/cleaned_jade_220127_F4_run2_fluorescence,jade/keep_top_04/cleaned_jade_220127_F4_run2_fluorescence,2,2534,634,0.5919930150005726,0.4714958370382346,0.590948127791137
bout_state,classification,within,jade/keep_top_04/cleaned_jade_220127_F4_run2_fluorescence,jade/keep_top_04/cleaned_jade_220127_F4_run2_fluorescence,3,2533,635,0.5803802653136727,0.564538250533374,0.6186512340785371
bout_state,classification,within,jade/keep_top_04/cleaned_jade_220127_F4_run2_fluorescence,jade/keep_top_04/cleaned_jade_220127_F4_run2_fluorescence,4,2536,635,0.5714717741935484,0.5306725794530672,0.6135483870967742
bout_state,classification,within,jade/keep_top_05/cleaned_jade_220127_F4_run2_fluorescence,jade/keep_top_05/cleaned_jade_220127_F4_run2_fluorescence,0,2536,635,0.5831721470019342,0.5707463105867067,0.6315151515151514
bout_state,classification,within,jade/keep_top_05/cleaned_jade_220127_F4_run2_fluorescence,jade/keep_top_05/cleaned_jade_220127_F4_run2_fluorescence,1,2533,635,0.558766859344894,0.5486619567544423,0.6179090658859445
bout_state,classification,within,jade/keep_top_05/cleaned_jade_220127_F4_run2_fluorescence,jade/keep_top_05/cleaned_jade_220127_F4_run2_fluorescence,2,2534,634,0.6241841291652352,0.5284553691240261,0.6419472117256384
bout_state,classification,within,jade/keep_top_05/cleaned_jade_220127_F4_run2_fluorescence,jade/keep_top_05/cleaned_jade_220127_F4_run2_fluorescence,3,2533,635,0.5972200200835052,0.5898136645962733,0.6322604513503515
bout_state,classification,within,jade/keep_top_05/cleaned_jade_220127_F4_run2_fluorescence,jade/keep_top_05/cleaned_jade_220127_F4_run2_fluorescence,4,2536,635,0.580141129032258,0.552039595467064,0.6264112903225807
bout_state,classification,within,jade/keep_top_06/cleaned_jade_220127_F4_run2_fluorescence,jade/keep_top_06/cleaned_jade_220127_F4_run2_fluorescence,0,2536,635,0.6319471308833011,0.5818996644152755,0.68073500967118
bout_state,classification,within,jade/keep_top_06/cleaned_jade_220127_F4_run2_fluorescence,jade/keep_top_06/cleaned_jade_220127_F4_run2_fluorescence,1,2533,635,0.6010121862723019,0.5888832298887288,0.6365763331081249
bout_state,classification,within,jade/keep_top_06/cleaned_jade_220127_F4_run2_fluorescence,jade/keep_top_06/cleaned_jade_220127_F4_run2_fluorescence,2,2534,634,0.5963013855490668,0.531737559976279,0.6352842665750601
bout_state,classification,within,jade/keep_top_06/cleaned_jade_220127_F4_run2_fluorescence,jade/keep_top_06/cleaned_jade_220127_F4_run2_fluorescence,3,2533,635,0.6077374345964801,0.6044198114419298,0.6601923788383278
bout_state,classification,within,jade/keep_top_06/cleaned_jade_220127_F4_run2_fluorescence,jade/keep_top_06/cleaned_jade_220127_F4_run2_fluorescence,4,2536,635,0.5673387096774194,0.5700958099538851,0.625994623655914
bout_state,classification,within,sobi/keep_top_01/cleaned_sobi_220127_F4_run2_fluorescence,sobi/keep_top_01/cleaned_sobi_220127_F4_run2_fluorescence,0,2536,635,0.519825918762089,0.3543862366322016,0.5605544809800129
bout_state,classification,within,sobi/keep_top_01/cleaned_sobi_220127_F4_run2_fluorescence,sobi/keep_top_01/cleaned_sobi_220127_F4_run2_fluorescence,1,2533,635,0.5140880314290719,0.4831795984807379,0.5123113880339314
bout_state,classification,within,sobi/keep_top_01/cleaned_sobi_220127_F4_run2_fluorescence,sobi/keep_top_01/cleaned_sobi_220127_F4_run2_fluorescence,2,2534,634,0.5202822626817818,0.2988488413009601,0.4922850108782778
bout_state,classification,within,sobi/keep_top_01/cleaned_sobi_220127_F4_run2_fluorescence,sobi/keep_top_01/cleaned_sobi_220127_F4_run2_fluorescence,3,2533,635,0.4952631996194704,0.4587893139900504,0.4879895354368163
bout_state,classification,within,sobi/keep_top_01/cleaned_sobi_220127_F4_run2_fluorescence,sobi/keep_top_01/cleaned_sobi_220127_F4_run2_fluorescence,4,2536,635,0.5375000000000001,0.5274238525200176,0.5396370967741936
bout_state,classification,within,sobi/keep_top_02/cleaned_sobi_220127_F4_run2_fluorescence,sobi/keep_top_02/cleaned_sobi_220127_F4_run2_fluorescence,0,2536,635,0.6370406189555126,0.5738654098258318,0.6871179883945842
bout_state,classification,within,sobi/keep_top_02/cleaned_sobi_220127_F4_run2_fluorescence,sobi/keep_top_02/cleaned_sobi_220127_F4_run2_fluorescence,1,2533,635,0.6088694542451768,0.6130788584008177,0.6968070465180292
bout_state,classification,within,sobi/keep_top_02/cleaned_sobi_220127_F4_run2_fluorescence,sobi/keep_top_02/cleaned_sobi_220127_F4_run2_fluorescence,2,2534,634,0.6537988091148517,0.5766649095062379,0.7047692660025192
bout_state,classification,within,sobi/keep_top_02/cleaned_sobi_220127_F4_run2_fluorescence,sobi/keep_top_02/cleaned_sobi_220127_F4_run2_fluorescence,3,2533,635,0.5834588552402094,0.5536877606185114,0.6525685745996511
bout_state,classification,within,sobi/keep_top_02/cleaned_sobi_220127_F4_run2_fluorescence,sobi/keep_top_02/cleaned_sobi_220127_F4_run2_fluorescence,4,2536,635,0.6123655913978495,0.6049089570053584,0.6786424731182796
bout_state,classification,within,sobi/keep_top_03/cleaned_sobi_220127_F4_run2_fluorescence,sobi/keep_top_03/cleaned_sobi_220127_F4_run2_fluorescence,0,2536,635,0.6467117988394584,0.6291290630273682,0.7027466150870407
bout_state,classification,within,sobi/keep_top_03/cleaned_sobi_220127_F4_run2_fluorescence,sobi/keep_top_03/cleaned_sobi_220127_F4_run2_fluorescence,1,2533,635,0.585441533418412,0.5827147272860029,0.6558441558441558
bout_state,classification,within,sobi/keep_top_03/cleaned_sobi_220127_F4_run2_fluorescence,sobi/keep_top_03/cleaned_sobi_220127_F4_run2_fluorescence,2,2534,634,0.6263168441543571,0.5712577125994813,0.6989150349249972
bout_state,classification,within,sobi/keep_top_03/cleaned_sobi_220127_F4_run2_fluorescence,sobi/keep_top_03/cleaned_sobi_220127_F4_run2_fluorescence,3,2533,635,0.5667181967126473,0.5474683816016555,0.6376909254267744
bout_state,classification,within,sobi/keep_top_03/cleaned_sobi_220127_F4_run2_fluorescence,sobi/keep_top_03/cleaned_sobi_220127_F4_run2_fluorescence,4,2536,635,0.6120295698924731,0.5957012803220267,0.6611424731182796
bout_state,classification,within,sobi/keep_top_04/cleaned_sobi_220127_F4_run2_fluorescence,sobi/keep_top_04/cleaned_sobi_220127_F4_run2_fluorescence,0,2536,635,0.6211476466795616,0.6136205889637333,0.6972920696324951
bout_state,classification,within,sobi/keep_top_04/cleaned_sobi_220127_F4_run2_fluorescence,sobi/keep_top_04/cleaned_sobi_220127_F4_run2_fluorescence,1,2533,635,0.6352751294947827,0.6317155067155067,0.6955558891975075
bout_state,classification,within,sobi/keep_top_04/cleaned_sobi_220127_F4_run2_fluorescence,sobi/keep_top_04/cleaned_sobi_220127_F4_run2_fluorescence,2,2534,634,0.6850452307339975,0.6331050527081061,0.7393364250543913
bout_state,classification,within,sobi/keep_top_04/cleaned_sobi_220127_F4_run2_fluorescence,sobi/keep_top_04/cleaned_sobi_220127_F4_run2_fluorescence,3,2533,635,0.5855729084086465,0.5590538120500084,0.655594313196977
bout_state,classification,within,sobi/keep_top_04/cleaned_sobi_220127_F4_run2_fluorescence,sobi/keep_top_04/cleaned_sobi_220127_F4_run2_fluorescence,4,2536,635,0.5985215053763441,0.5915674141104974,0.667741935483871
bout_state,classification,within,sobi/keep_top_05/cleaned_sobi_220127_F4_run2_fluorescence,sobi/keep_top_05/cleaned_sobi_220127_F4_run2_fluorescence,0,2536,635,0.6803030303030303,0.6474459240470655,0.7147001934235977
bout_state,classification,within,sobi/keep_top_05/cleaned_sobi_220127_F4_run2_fluorescence,sobi/keep_top_05/cleaned_sobi_220127_F4_run2_fluorescence,1,2533,635,0.6254598003152916,0.6337384514046027,0.7138853439431474
bout_state,classification,within,sobi/keep_top_05/cleaned_sobi_220127_F4_run2_fluorescence,sobi/keep_top_05/cleaned_sobi_220127_F4_run2_fluorescence,2,2534,634,0.6521241268750716,0.5973142183104981,0.7169214473834878
bout_state,classification,within,sobi/keep_top_05/cleaned_sobi_220127_F4_run2_fluorescence,sobi/keep_top_05/cleaned_sobi_220127_F4_run2_fluorescence,3,2533,635,0.5939630569208816,0.566194641004664,0.6791131546958407
bout_state,classification,within,sobi/keep_top_05/cleaned_sobi_220127_F4_run2_fluorescence,sobi/keep_top_05/cleaned_sobi_220127_F4_run2_fluorescence,4,2536,635,0.5817876344086022,0.5817876344086022,0.656505376344086
bout_state,classification,within,sobi/keep_top_06/cleaned_sobi_220127_F4_run2_fluorescence,sobi/keep_top_06/cleaned_sobi_220127_F4_run2_fluorescence,0,2536,635,0.6664087685364282,0.6181352389941347,0.7305996131528047
bout_state,classification,within,sobi/keep_top_06/cleaned_sobi_220127_F4_run2_fluorescence,sobi/keep_top_06/cleaned_sobi_220127_F4_run2_fluorescence,1,2533,635,0.6410054300227711,0.6476137624861265,0.712296374146085
bout_state,classification,within,sobi/keep_top_06/cleaned_sobi_220127_F4_run2_fluorescence,sobi/keep_top_06/cleaned_sobi_220127_F4_run2_fluorescence,2,2534,634,0.6837713271498913,0.64682891192183,0.7446896828123212
bout_state,classification,within,sobi/keep_top_06/cleaned_sobi_220127_F4_run2_fluorescence,sobi/keep_top_06/cleaned_sobi_220127_F4_run2_fluorescence,3,2533,635,0.6097061466095872,0.5821894498014748,0.6739337244331696
bout_state,classification,within,sobi/keep_top_06/cleaned_sobi_220127_F4_run2_fluorescence,sobi/keep_top_06/cleaned_sobi_220127_F4_run2_fluorescence,4,2536,635,0.5797379032258064,0.5848431457287546,0.651962365591398
bout_state,classification,transfer_raw_to_clean,raw,fastica/keep_top_01/cleaned_fastica_220127_F4_run2_fluorescence,0,2536,635,0.5289490651192779,0.4908232359230221,0.5380657640232109
bout_state,classification,transfer_raw_to_clean,raw,fastica/keep_top_01/cleaned_fastica_220127_F4_run2_fluorescence,1,2533,635,0.5261366764256937,0.5241546908703812,0.5428896729474764
bout_state,classification,transfer_raw_to_clean,raw,fastica/keep_top_01/cleaned_fastica_220127_F4_run2_fluorescence,2,2534,634,0.4748654528798809,0.4744966992645011,0.4871035154013512
bout_state,classification,transfer_raw_to_clean,raw,fastica/keep_top_01/cleaned_fastica_220127_F4_run2_fluorescence,3,2533,635,0.4924422599228371,0.490570021111893,0.5139659637439882
bout_state,classification,transfer_raw_to_clean,raw,fastica/keep_top_01/cleaned_fastica_220127_F4_run2_fluorescence,4,2536,635,0.5069892473118279,0.5036833420807201,0.48541666666666666
bout_state,classification,transfer_clean_to_raw,fastica/keep_top_01/cleaned_fastica_220127_F4_run2_fluorescence,raw,0,2536,635,0.48098001289490655,0.47849853261941416,0.5086137975499677
bout_state,classification,transfer_clean_to_raw,fastica/keep_top_01/cleaned_fastica_220127_F4_run2_fluorescence,raw,1,2533,635,0.5522233065585667,0.5497146960932526,0.6032079673698172
bout_state,classification,transfer_clean_to_raw,fastica/keep_top_01/cleaned_fastica_220127_F4_run2_fluorescence,raw,2,2534,634,0.5406217794572312,0.4761874690831781,0.5526021985571968
bout_state,classification,transfer_clean_to_raw,fastica/keep_top_01/cleaned_fastica_220127_F4_run2_fluorescence,raw,3,2533,635,0.5437609005866497,0.5420981280106147,0.56794038370065
bout_state,classification,transfer_clean_to_raw,fastica/keep_top_01/cleaned_fastica_220127_F4_run2_fluorescence,raw,4,2536,635,0.5293010752688172,0.4184981684981685,0.57502688172043
bout_state,classification,transfer_raw_to_clean,raw,fastica/keep_top_02/cleaned_fastica_220127_F4_run2_fluorescence,0,2536,635,0.5432946486137975,0.49146497536958494,0.5597678916827853
bout_state,classification,transfer_raw_to_clean,raw,fastica/keep_top_02/cleaned_fastica_220127_F4_run2_fluorescence,1,2533,635,0.5550509221029453,0.5569387830046638,0.5538247879288343
bout_state,classification,transfer_raw_to_clean,raw,fastica/keep_top_02/cleaned_fastica_220127_F4_run2_fluorescence,2,2534,634,0.49842551242413835,0.4936359026369168,0.4943747852971487
bout_state,classification,transfer_raw_to_clean,raw,fastica/keep_top_02/cleaned_fastica_220127_F4_run2_fluorescence,3,2533,635,0.5081060726177263,0.5076236531117181,0.5358332012050103
bout_state,classification,transfer_raw_to_clean,raw,fastica/keep_top_02/cleaned_fastica_220127_F4_run2_fluorescence,4,2536,635,0.5197916666666667,0.5180693321653369,0.5280645161290323
bout_state,classification,transfer_clean_to_raw,fastica/keep_top_02/cleaned_fastica_220127_F4_run2_fluorescence,raw,0,2536,635,0.5435203094777563,0.5051287992080375,0.5486266924564797
bout_state,classification,transfer_clean_to_raw,fastica/keep_top_02/cleaned_fastica_220127_F4_run2_fluorescence,raw,1,2533,635,0.5912844381052473,0.5743741043108066,0.6443460200685635
bout_state,classification,transfer_clean_to_raw,fastica/keep_top_02/cleaned_fastica_220127_F4_run2_fluorescence,raw,2,2534,634,0.5710380167181953,0.5092971250284551,0.5836196038016718
bout_state,classification,transfer_clean_to_raw,fastica/keep_top_02/cleaned_fastica_220127_F4_run2_fluorescence,raw,3,2533,635,0.5898406532424291,0.576769153060096,0.6150837693567993
bout_state,classification,transfer_clean_to_raw,fastica/keep_top_02/cleaned_fastica_220127_F4_run2_fluorescence,raw,4,2536,635,0.5570228494623656,0.36977576954535485,0.5947446236559141
bout_state,classification,transfer_raw_to_clean,raw,fastica/keep_top_03/cleaned_fastica_220127_F4_run2_fluorescence,0,2536,635,0.568923275306254,0.5124144541556728,0.6122243713733075
bout_state,classification,transfer_raw_to_clean,raw,fastica/keep_top_03/cleaned_fastica_220127_F4_run2_fluorescence,1,2533,635,0.5644471135800616,0.5667157817707149,0.6000675624953081
bout_state,classification,transfer_raw_to_clean,raw,fastica/keep_top_03/cleaned_fastica_220127_F4_run2_fluorescence,2,2534,634,0.5310603458147257,0.5184963118068303,0.569778426657506
bout_state,classification,transfer_raw_to_clean,raw,fastica/keep_top_03/cleaned_fastica_220127_F4_run2_fluorescence,3,2533,635,0.5699685534591195,0.566223908918406,0.6073410496273981
bout_state,classification,transfer_raw_to_clean,raw,fastica/keep_top_03/cleaned_fastica_220127_F4_run2_fluorescence,4,2536,635,0.5351814516129032,0.5361611174880987,0.564005376344086
bout_state,classification,transfer_clean_to_raw,fastica/keep_top_03/cleaned_fastica_220127_F4_run2_fluorescence,raw,0,2536,635,0.6034816247582205,0.5370389386346833,0.6268214055448098
bout_state,classification,transfer_clean_to_raw,fastica/keep_top_03/cleaned_fastica_220127_F4_run2_fluorescence,raw,1,2533,635,0.6800540499962465,0.6757519515424295,0.7351925531116281
bout_state,classification,transfer_clean_to_raw,fastica/keep_top_03/cleaned_fastica_220127_F4_run2_fluorescence,raw,2,2534,634,0.6253721516088401,0.5742709461899602,0.6706315126531548
bout_state,classification,transfer_clean_to_raw,fastica/keep_top_03/cleaned_fastica_220127_F4_run2_fluorescence,raw,3,2533,635,0.6223376142909994,0.6031437196358662,0.6623328576713705
bout_state,classification,transfer_clean_to_raw,fastica/keep_top_03/cleaned_fastica_220127_F4_run2_fluorescence,raw,4,2536,635,0.5510752688172043,0.4514636399828735,0.6131854838709677
bout_state,classification,transfer_raw_to_clean,raw,fastica/keep_top_04/cleaned_fastica_220127_F4_run2_fluorescence,0,2536,635,0.6164087685364281,0.5552944472111554,0.6568278529980658
bout_state,classification,transfer_raw_to_clean,raw,fastica/keep_top_04/cleaned_fastica_220127_F4_run2_fluorescence,1,2533,635,0.5886507519455496,0.5914461370489758,0.6577334033981432
bout_state,classification,transfer_raw_to_clean,raw,fastica/keep_top_04/cleaned_fastica_220127_F4_run2_fluorescence,2,2534,634,0.5753463872666895,0.5532605309873679,0.6453681438222832
bout_state,classification,transfer_raw_to_clean,raw,fastica/keep_top_04/cleaned_fastica_220127_F4_run2_fluorescence,3,2533,635,0.580439723059035,0.5740372670807453,0.6223772527879077
bout_state,classification,transfer_raw_to_clean,raw,fastica/keep_top_04/cleaned_fastica_220127_F4_run2_fluorescence,4,2536,635,0.5602486559139785,0.5612240709320782,0.5964919354838709
bout_state,classification,transfer_clean_to_raw,fastica/keep_top_04/cleaned_fastica_220127_F4_run2_fluorescence,raw,0,2536,635,0.6020954223081882,0.5313246211956758,0.6420309477756286
bout_state,classification,transfer_clean_to_raw,fastica/keep_top_04/cleaned_fastica_220127_F4_run2_fluorescence,raw,1,2533,635,0.6396541801166078,0.6241091954022988,0.7156181968320696
bout_state,classification,transfer_clean_to_raw,fastica/keep_top_04/cleaned_fastica_220127_F4_run2_fluorescence,raw,2,2534,634,0.6339745791824116,0.5829325832501587,0.6811948929348449
bout_state,classification,transfer_clean_to_raw,fastica/keep_top_04/cleaned_fastica_220127_F4_run2_fluorescence,raw,3,2533,635,0.6014349135880768,0.5968458744952637,0.6356693620844565
bout_state,classification,transfer_clean_to_raw,fastica/keep_top_04/cleaned_fastica_220127_F4_run2_fluorescence,raw,4,2536,635,0.6067204301075269,0.5381818181818182,0.6452217741935484
bout_state,classification,transfer_raw_to_clean,raw,fastica/keep_top_05/cleaned_fastica_220127_F4_run2_fluorescence,0,2536,635,0.6379432624113475,0.5731164459118174,0.7059445519019987
bout_state,classification,transfer_raw_to_clean,raw,fastica/keep_top_05/cleaned_fastica_220127_F4_run2_fluorescence,1,2533,635,0.6435765583164427,0.6409165785656332,0.7258714310737433
bout_state,classification,transfer_raw_to_clean,raw,fastica/keep_top_05/cleaned_fastica_220127_F4_run2_fluorescence,2,2534,634,0.6659509904958205,0.6214145989910429,0.7359441200045802
bout_state,classification,transfer_raw_to_clean,raw,fastica/keep_top_05/cleaned_fastica_220127_F4_run2_fluorescence,3,2533,635,0.6318112150520585,0.6187859783208238,0.6775011891549072
bout_state,classification,transfer_raw_to_clean,raw,fastica/keep_top_05/cleaned_fastica_220127_F4_run2_fluorescence,4,2536,635,0.5858534946236559,0.5872899677083904,0.6310483870967742
bout_state,classification,transfer_clean_to_raw,fastica/keep_top_05/cleaned_fastica_220127_F4_run2_fluorescence,raw,0,2536,635,0.6392005157962605,0.6099913340755927,0.6955899419729207
bout_state,classification,transfer_clean_to_raw,fastica/keep_top_05/cleaned_fastica_220127_F4_run2_fluorescence,raw,1,2533,635,0.6505142256587344,0.626033755627566,0.7229937692365438
bout_state,classification,transfer_clean_to_raw,fastica/keep_top_05/cleaned_fastica_220127_F4_run2_fluorescence,raw,2,2534,634,0.6522672621092409,0.6060007666484685,0.7208290392763081
bout_state,classification,transfer_clean_to_raw,fastica/keep_top_05/cleaned_fastica_220127_F4_run2_fluorescence,raw,3,2533,635,0.6349426563078062,0.6186186186186187,0.6906611701284289
bout_state,classification,transfer_clean_to_raw,fastica/keep_top_05/cleaned_fastica_220127_F4_run2_fluorescence,raw,4,2536,635,0.6197916666666666,0.5825044973966857,0.6702419354838709
bout_state,classification,transfer_raw_to_clean,raw,fastica/keep_top_06/cleaned_fastica_220127_F4_run2_fluorescence,0,2536,635,0.6544809800128949,0.5884361798214904,0.7198194713088331
bout_state,classification,transfer_raw_to_clean,raw,fastica/keep_top_06/cleaned_fastica_220127_F4_run2_fluorescence,1,2533,635,0.691614743637865,0.6856254233221257,0.749155468808648
bout_state,classification,transfer_raw_to_clean,raw,fastica/keep_top_06/cleaned_fastica_220127_F4_run2_fluorescence,2,2534,634,0.6830842780258788,0.6350028785261945,0.7595900606893393
bout_state,classification,transfer_raw_to_clean,raw,fastica/keep_top_06/cleaned_fastica_220127_F4_run2_fluorescence,3,2533,635,0.6286599545478568,0.6148994493365354,0.6966994344907774
bout_state,classification,transfer_raw_to_clean,raw,fastica/keep_top_06/cleaned_fastica_220127_F4_run2_fluorescence,4,2536,635,0.597614247311828,0.5990628018334408,0.6593817204301075
bout_state,classification,transfer_clean_to_raw,fastica/keep_top_06/cleaned_fastica_220127_F4_run2_fluorescence,raw,0,2536,635,0.6326563507414571,0.5393265219756967,0.7145583494519665
bout_state,classification,transfer_clean_to_raw,fastica/keep_top_06/cleaned_fastica_220127_F4_run2_fluorescence,raw,1,2533,635,0.6407364311988589,0.6254269427875083,0.6904386557565749
bout_state,classification,transfer_clean_to_raw,fastica/keep_top_06/cleaned_fastica_220127_F4_run2_fluorescence,raw,2,2534,634,0.6972117256383832,0.6134146341463415,0.7545803274934157
bout_state,classification,transfer_clean_to_raw,fastica/keep_top_06/cleaned_fastica_220127_F4_run2_fluorescence,raw,3,2533,635,0.6569420220918556,0.6328564091275956,0.7158316156651339
bout_state,classification,transfer_clean_to_raw,fastica/keep_top_06/cleaned_fastica_220127_F4_run2_fluorescence,raw,4,2536,635,0.6123655913978495,0.6049089570053584,0.6786021505376344
bout_state,classification,transfer_raw_to_clean,raw,infomax/keep_top_01/cleaned_infomax_220127_F4_run2_fluorescence,0,2536,635,0.6372985170857511,0.5644886604452596,0.7266537717601548
bout_state,classification,transfer_raw_to_clean,raw,infomax/keep_top_01/cleaned_infomax_220127_F4_run2_fluorescence,1,2533,635,0.6918837424617772,0.7128305624946163,0.782411230388109
bout_state,classification,transfer_raw_to_clean,raw,infomax/keep_top_01/cleaned_infomax_220127_F4_run2_fluorescence,2,2534,634,0.7377476239551128,0.694978411490174,0.8090719111416467
bout_state,classification,transfer_raw_to_clean,raw,infomax/keep_top_01/cleaned_infomax_220127_F4_run2_fluorescence,3,2533,635,0.6591155330056551,0.651926909562148,0.7185270334548914
bout_state,classification,transfer_raw_to_clean,raw,infomax/keep_top_01/cleaned_infomax_220127_F4_run2_fluorescence,4,2536,635,0.5849462365591398,0.59103435880538,0.6738575268817204
bout_state,classification,transfer_clean_to_raw,infomax/keep_top_01/cleaned_infomax_220127_F4_run2_fluorescence,raw,0,2536,635,0.5914893617021277,0.48841542348742023,0.6978723404255319
bout_state,classification,transfer_clean_to_raw,infomax/keep_top_01/cleaned_infomax_220127_F4_run2_fluorescence,raw,1,2533,635,0.6991154317743913,0.7184729064039409,0.7861521907764684
bout_state,classification,transfer_clean_to_raw,infomax/keep_top_01/cleaned_infomax_220127_F4_run2_fluorescence,raw,2,2534,634,0.732022214588343,0.6416563135691564,0.8031031718767891
bout_state,classification,transfer_clean_to_raw,infomax/keep_top_01/cleaned_infomax_220127_F4_run2_fluorescence,raw,3,2533,635,0.701039849902225,0.6852612945432156,0.7619311875693674
bout_state,classification,transfer_clean_to_raw,infomax/keep_top_01/cleaned_infomax_220127_F4_run2_fluorescence,raw,4,2536,635,0.5981854838709677,0.5315607689801238,0.6410483870967743
bout_state,classification,transfer_raw_to_clean,raw,infomax/keep_top_02/cleaned_infomax_220127_F4_run2_fluorescence,0,2536,635,0.657511283043198,0.5903822544062259,0.7237782076079947
bout_state,classification,transfer_raw_to_clean,raw,infomax/keep_top_02/cleaned_infomax_220127_F4_run2_fluorescence,1,2533,635,0.7041826189225033,0.7206872852233677,0.7859770287515953
bout_state,classification,transfer_raw_to_clean,raw,infomax/keep_top_02/cleaned_infomax_220127_F4_run2_fluorescence,2,2534,634,0.7378191915721974,0.7000684718331778,0.8081987862132143
bout_state,classification,transfer_raw_to_clean,raw,infomax/keep_top_02/cleaned_infomax_220127_F4_run2_fluorescence,3,2533,635,0.6643346017652344,0.6514259985690672,0.7281591882035835
bout_state,classification,transfer_raw_to_clean,raw,infomax/keep_top_02/cleaned_infomax_220127_F4_run2_fluorescence,4,2536,635,0.5976478494623656,0.6056736944141524,0.6879435483870968
bout_state,classification,transfer_clean_to_raw,infomax/keep_top_02/cleaned_infomax_220127_F4_run2_fluorescence,raw,0,2536,635,0.5963894261766602,0.5045546799932765,0.7011734364925855
bout_state,classification,transfer_clean_to_raw,infomax/keep_top_02/cleaned_infomax_220127_F4_run2_fluorescence,raw,1,2533,635,0.7146985962014863,0.7177921121466846,0.8012911943547781
bout_state,classification,transfer_clean_to_raw,infomax/keep_top_02/cleaned_infomax_220127_F4_run2_fluorescence,raw,2,2534,634,0.7269695408221688,0.6726704134767152,0.8136665521584793
bout_state,classification,transfer_clean_to_raw,infomax/keep_top_02/cleaned_infomax_220127_F4_run2_fluorescence,raw,3,2533,635,0.6894918344696369,0.6715810353639837,0.7662914222292692
bout_state,classification,transfer_clean_to_raw,infomax/keep_top_02/cleaned_infomax_220127_F4_run2_fluorescence,raw,4,2536,635,0.620497311827957,0.5710728130450942,0.6560349462365591
bout_state,classification,transfer_raw_to_clean,raw,infomax/keep_top_03/cleaned_infomax_220127_F4_run2_fluorescence,0,2536,635,0.6516118633139909,0.5885844462557736,0.7373565441650547
bout_state,classification,transfer_raw_to_clean,raw,infomax/keep_top_03/cleaned_infomax_220127_F4_run2_fluorescence,1,2533,635,0.7038510622325651,0.7111235312467505,0.7862397717889047
bout_state,classification,transfer_raw_to_clean,raw,infomax/keep_top_03/cleaned_infomax_220127_F4_run2_fluorescence,2,2534,634,0.7221029428604144,0.6805089378701207,0.8075833047062866
bout_state,classification,transfer_raw_to_clean,raw,infomax/keep_top_03/cleaned_infomax_220127_F4_run2_fluorescence,3,2533,635,0.6590825009248982,0.6446862702530813,0.7432746683579092
bout_state,classification,transfer_raw_to_clean,raw,infomax/keep_top_03/cleaned_infomax_220127_F4_run2_fluorescence,4,2536,635,0.5946236559139785,0.601458021532371,0.6971908602150537
bout_state,classification,transfer_clean_to_raw,infomax/keep_top_03/cleaned_infomax_220127_F4_run2_fluorescence,raw,0,2536,635,0.6551579626047711,0.5711744633787706,0.726241134751773
bout_state,classification,transfer_clean_to_raw,infomax/keep_top_03/cleaned_infomax_220127_F4_run2_fluorescence,raw,1,2533,635,0.6558879463503742,0.6440384474282779,0.7344168355729049
bout_state,classification,transfer_clean_to_raw,infomax/keep_top_03/cleaned_infomax_220127_F4_run2_fluorescence,raw,2,2534,634,0.6897973205084164,0.6504792022584905,0.7675483797091492
bout_state,classification,transfer_clean_to_raw,infomax/keep_top_03/cleaned_infomax_220127_F4_run2_fluorescence,raw,3,2533,635,0.6829911209766926,0.6073015806465138,0.7355055229639025
bout_state,classification,transfer_clean_to_raw,infomax/keep_top_03/cleaned_infomax_220127_F4_run2_fluorescence,raw,4,2536,635,0.6049731182795699,0.59709775276288,0.6735752688172042
bout_state,classification,transfer_raw_to_clean,raw,infomax/keep_top_04/cleaned_infomax_220127_F4_run2_fluorescence,0,2536,635,0.6772404900064475,0.6098580612775792,0.7482398452611219
bout_state,classification,transfer_raw_to_clean,raw,infomax/keep_top_04/cleaned_infomax_220127_F4_run2_fluorescence,1,2533,635,0.6930410629832595,0.6926917300745283,0.7660586042088932
bout_state,classification,transfer_raw_to_clean,raw,infomax/keep_top_04/cleaned_infomax_220127_F4_run2_fluorescence,2,2534,634,0.7103801671819535,0.662150535713754,0.7948299553418069
bout_state,classification,transfer_raw_to_clean,raw,infomax/keep_top_04/cleaned_infomax_220127_F4_run2_fluorescence,3,2533,635,0.6590626816764442,0.6401662224274351,0.7298768564029385
bout_state,classification,transfer_raw_to_clean,raw,infomax/keep_top_04/cleaned_infomax_220127_F4_run2_fluorescence,4,2536,635,0.6001344086021505,0.6065159070364214,0.6885752688172043
bout_state,classification,transfer_clean_to_raw,infomax/keep_top_04/cleaned_infomax_220127_F4_run2_fluorescence,raw,0,2536,635,0.6224049000644746,0.6007019870578282,0.657485493230174
bout_state,classification,transfer_clean_to_raw,infomax/keep_top_04/cleaned_infomax_220127_F4_run2_fluorescence,raw,1,2533,635,0.6121787653579561,0.605853705118411,0.6663851562695493
bout_state,classification,transfer_clean_to_raw,infomax/keep_top_04/cleaned_infomax_220127_F4_run2_fluorescence,raw,2,2534,634,0.6519809916409023,0.5882888383193651,0.7334249398832016
bout_state,classification,transfer_clean_to_raw,infomax/keep_top_04/cleaned_infomax_220127_F4_run2_fluorescence,raw,3,2533,635,0.6232889382167961,0.5814015191923171,0.6847484276729561
bout_state,classification,transfer_clean_to_raw,infomax/keep_top_04/cleaned_infomax_220127_F4_run2_fluorescence,raw,4,2536,635,0.6039650537634409,0.6059402953347802,0.6440120967741936
bout_state,classification,transfer_raw_to_clean,raw,infomax/keep_top_05/cleaned_infomax_220127_F4_run2_fluorescence,0,2536,635,0.653739522888459,0.591287284144427,0.7417021276595746
bout_state,classification,transfer_raw_to_clean,raw,infomax/keep_top_05/cleaned_infomax_220127_F4_run2_fluorescence,1,2533,635,0.6822060405875434,0.6822060405875434,0.7652203288041439
bout_state,classification,transfer_raw_to_clean,raw,infomax/keep_top_05/cleaned_infomax_220127_F4_run2_fluorescence,2,2534,634,0.6856607122409253,0.6405970361884183,0.7658307568991183
bout_state,classification,transfer_raw_to_clean,raw,infomax/keep_top_05/cleaned_infomax_220127_F4_run2_fluorescence,3,2533,635,0.6580188679245282,0.6403523570808831,0.7369589345172032
bout_state,classification,transfer_raw_to_clean,raw,infomax/keep_top_05/cleaned_infomax_220127_F4_run2_fluorescence,4,2536,635,0.5929435483870968,0.5971054972866252,0.6931989247311827
bout_state,classification,transfer_clean_to_raw,infomax/keep_top_05/cleaned_infomax_220127_F4_run2_fluorescence,raw,0,2536,635,0.5885880077369439,0.5180277930598856,0.6768085106382979
bout_state,classification,transfer_clean_to_raw,infomax/keep_top_05/cleaned_infomax_220127_F4_run2_fluorescence,raw,1,2533,635,0.6565760828766609,0.6539829138767028,0.719452994019468
bout_state,classification,transfer_clean_to_raw,infomax/keep_top_05/cleaned_infomax_220127_F4_run2_fluorescence,raw,2,2534,634,0.642390930951563,0.6094927536231884,0.7207574716592237
bout_state,classification,transfer_clean_to_raw,infomax/keep_top_05/cleaned_infomax_220127_F4_run2_fluorescence,raw,3,2533,635,0.6296575233867132,0.6049909584086799,0.6993221817028699
bout_state,classification,transfer_clean_to_raw,infomax/keep_top_05/cleaned_infomax_220127_F4_run2_fluorescence,raw,4,2536,635,0.6049059139784947,0.6079485543037905,0.6684677419354839
bout_state,classification,transfer_raw_to_clean,raw,infomax/keep_top_06/cleaned_infomax_220127_F4_run2_fluorescence,0,2536,635,0.6710186976144423,0.6038098370755571,0.7400773694390717
bout_state,classification,transfer_raw_to_clean,raw,infomax/keep_top_06/cleaned_infomax_220127_F4_run2_fluorescence,1,2533,635,0.6851087255711533,0.6810374399686367,0.7637564747391337
bout_state,classification,transfer_raw_to_clean,raw,infomax/keep_top_06/cleaned_infomax_220127_F4_run2_fluorescence,2,2534,634,0.6860614908965991,0.6344352809616998,0.7758502232909652
bout_state,classification,transfer_raw_to_clean,raw,infomax/keep_top_06/cleaned_infomax_220127_F4_run2_fluorescence,3,2533,635,0.6695536705248137,0.6504786912464019,0.73109243697479
bout_state,classification,transfer_raw_to_clean,raw,infomax/keep_top_06/cleaned_infomax_220127_F4_run2_fluorescence,4,2536,635,0.5973118279569892,0.601020046404038,0.690282258064516
bout_state,classification,transfer_clean_to_raw,infomax/keep_top_06/cleaned_infomax_220127_F4_run2_fluorescence,raw,0,2536,635,0.6219858156028368,0.5527985112989122,0.7022823984526112
bout_state,classification,transfer_clean_to_raw,infomax/keep_top_06/cleaned_infomax_220127_F4_run2_fluorescence,raw,1,2533,635,0.660191927532968,0.6563359007365869,0.7269224032229812
bout_state,classification,transfer_clean_to_raw,infomax/keep_top_06/cleaned_infomax_220127_F4_run2_fluorescence,raw,2,2534,634,0.6872638268636208,0.6151153024141572,0.7413546318561778
bout_state,classification,transfer_clean_to_raw,infomax/keep_top_06/cleaned_infomax_220127_F4_run2_fluorescence,raw,3,2533,635,0.6737223191163257,0.6477657935285054,0.7240103588605254
bout_state,classification,transfer_clean_to_raw,infomax/keep_top_06/cleaned_infomax_220127_F4_run2_fluorescence,raw,4,2536,635,0.6084341397849462,0.6086701756867341,0.6779301075268818
bout_state,classification,transfer_raw_to_clean,raw,jade/keep_top_01/cleaned_jade_220127_F4_run2_fluorescence,0,2536,635,0.5199226305609285,0.4945898853442898,0.5339780786589298
bout_state,classification,transfer_raw_to_clean,raw,jade/keep_top_01/cleaned_jade_220127_F4_run2_fluorescence,1,2533,635,0.5026962440257238,0.5018038335155222,0.5262117458649251
bout_state,classification,transfer_raw_to_clean,raw,jade/keep_top_01/cleaned_jade_220127_F4_run2_fluorescence,2,2534,634,0.48481335165464334,0.48157961460446247,0.5028770182068018
bout_state,classification,transfer_raw_to_clean,raw,jade/keep_top_01/cleaned_jade_220127_F4_run2_fluorescence,3,2533,635,0.5081258918661804,0.5081072884836618,0.523849162306432
bout_state,classification,transfer_raw_to_clean,raw,jade/keep_top_01/cleaned_jade_220127_F4_run2_fluorescence,4,2536,635,0.4961693548387097,0.49022628014795977,0.4812365591397849
bout_state,classification,transfer_clean_to_raw,jade/keep_top_01/cleaned_jade_220127_F4_run2_fluorescence,raw,0,2536,635,0.5637975499677628,0.5389743251270543,0.5975370728562217
bout_state,classification,transfer_clean_to_raw,jade/keep_top_01/cleaned_jade_220127_F4_run2_fluorescence,raw,1,2533,635,0.5521044466131171,0.47321339330334833,0.5793358856942672
bout_state,classification,transfer_clean_to_raw,jade/keep_top_01/cleaned_jade_220127_F4_run2_fluorescence,raw,2,2534,634,0.5552502003893278,0.48746428618451365,0.5714101683270354
bout_state,classification,transfer_clean_to_raw,jade/keep_top_01/cleaned_jade_220127_F4_run2_fluorescence,raw,3,2533,635,0.6066077374345965,0.5894263217097863,0.6259182918450399
bout_state,classification,transfer_clean_to_raw,jade/keep_top_01/cleaned_jade_220127_F4_run2_fluorescence,raw,4,2536,635,0.5230846774193548,0.5231336020663482,0.5433333333333333
bout_state,classification,transfer_raw_to_clean,raw,jade/keep_top_02/cleaned_jade_220127_F4_run2_fluorescence,0,2536,635,0.5656350741457123,0.5189092315087676,0.5680464216634429
bout_state,classification,transfer_raw_to_clean,raw,jade/keep_top_02/cleaned_jade_220127_F4_run2_fluorescence,1,2533,635,0.5478317443635363,0.5492330759228299,0.554450366589095
bout_state,classification,transfer_raw_to_clean,raw,jade/keep_top_02/cleaned_jade_220127_F4_run2_fluorescence,2,2534,634,0.5183928775907477,0.5056417724783446,0.531575632657735
bout_state,classification,transfer_raw_to_clean,raw,jade/keep_top_02/cleaned_jade_220127_F4_run2_fluorescence,3,2533,635,0.4902885682574917,0.49034922872132175,0.5081126790338777
bout_state,classification,transfer_raw_to_clean,raw,jade/keep_top_02/cleaned_jade_220127_F4_run2_fluorescence,4,2536,635,0.548521505376344,0.5502284843869002,0.5445833333333333
bout_state,classification,transfer_clean_to_raw,jade/keep_top_02/cleaned_jade_220127_F4_run2_fluorescence,raw,0,2536,635,0.5714700193423597,0.5572184316075792,0.5928949065119278
bout_state,classification,transfer_clean_to_raw,jade/keep_top_02/cleaned_jade_220127_F4_run2_fluorescence,raw,1,2533,635,0.5618196832069664,0.4978766083333965,0.5659610139378926
bout_state,classification,transfer_clean_to_raw,jade/keep_top_02/cleaned_jade_220127_F4_run2_fluorescence,raw,2,2534,634,0.5793255467765945,0.45710428755641525,0.6229674796747967
bout_state,classification,transfer_clean_to_raw,jade/keep_top_02/cleaned_jade_220127_F4_run2_fluorescence,raw,3,2533,635,0.5929324560012684,0.5691650702426565,0.5989112626182547
bout_state,classification,transfer_clean_to_raw,jade/keep_top_02/cleaned_jade_220127_F4_run2_fluorescence,raw,4,2536,635,0.5535954301075269,0.5280717056165848,0.5870564516129032
bout_state,classification,transfer_raw_to_clean,raw,jade/keep_top_03/cleaned_jade_220127_F4_run2_fluorescence,0,2536,635,0.5639264990328821,0.5098348001414745,0.6041779497098646
bout_state,classification,transfer_raw_to_clean,raw,jade/keep_top_03/cleaned_jade_220127_F4_run2_fluorescence,1,2533,635,0.5467494932812852,0.5480816018483885,0.6109901659034607
bout_state,classification,transfer_raw_to_clean,raw,jade/keep_top_03/cleaned_jade_220127_F4_run2_fluorescence,2,2534,634,0.530444864307798,0.5141937635785052,0.5628649948471316
bout_state,classification,transfer_raw_to_clean,raw,jade/keep_top_03/cleaned_jade_220127_F4_run2_fluorescence,3,2533,635,0.5175400348818773,0.5165758227135473,0.5486100100417526
bout_state,classification,transfer_raw_to_clean,raw,jade/keep_top_03/cleaned_jade_220127_F4_run2_fluorescence,4,2536,635,0.5446572580645161,0.5463359869361094,0.5784005376344086
bout_state,classification,transfer_clean_to_raw,jade/keep_top_03/cleaned_jade_220127_F4_run2_fluorescence,raw,0,2536,635,0.5895873629916183,0.5627459493541367,0.6252482269503545
bout_state,classification,transfer_clean_to_raw,jade/keep_top_03/cleaned_jade_220127_F4_run2_fluorescence,raw,1,2533,635,0.5805369967219678,0.5381818181818182,0.5926607111578209
bout_state,classification,transfer_clean_to_raw,jade/keep_top_03/cleaned_jade_220127_F4_run2_fluorescence,raw,2,2534,634,0.6211067216305965,0.4808395627361145,0.6769724035268522
bout_state,classification,transfer_clean_to_raw,jade/keep_top_03/cleaned_jade_220127_F4_run2_fluorescence,raw,3,2533,635,0.599221764177369,0.5738933624493882,0.6300274826911897
bout_state,classification,transfer_clean_to_raw,jade/keep_top_03/cleaned_jade_220127_F4_run2_fluorescence,raw,4,2536,635,0.5533602150537634,0.5156814592033234,0.600228494623656
bout_state,classification,transfer_raw_to_clean,raw,jade/keep_top_04/cleaned_jade_220127_F4_run2_fluorescence,0,2536,635,0.5834945196647324,0.5269333443701757,0.6212121212121212
bout_state,classification,transfer_raw_to_clean,raw,jade/keep_top_04/cleaned_jade_220127_F4_run2_fluorescence,1,2533,635,0.5904586742737032,0.5930751903060432,0.6395290643845557
bout_state,classification,transfer_raw_to_clean,raw,jade/keep_top_04/cleaned_jade_220127_F4_run2_fluorescence,2,2534,634,0.5504837970914921,0.5258207287349647,0.6001087827779686
bout_state,classification,transfer_raw_to_clean,raw,jade/keep_top_04/cleaned_jade_220127_F4_run2_fluorescence,3,2533,635,0.5552692775223297,0.5503726708074534,0.5871122033719148
bout_state,classification,transfer_raw_to_clean,raw,jade/keep_top_04/cleaned_jade_220127_F4_run2_fluorescence,4,2536,635,0.5713037634408602,0.5753129282777524,0.6051881720430108
bout_state,classification,transfer_clean_to_raw,jade/keep_top_04/cleaned_jade_220127_F4_run2_fluorescence,raw,0,2536,635,0.6298839458413926,0.5909139096610045,0.6573952288845906
bout_state,classification,transfer_clean_to_raw,jade/keep_top_04/cleaned_jade_220127_F4_run2_fluorescence,raw,1,2533,635,0.5798238370492705,0.5342028662445146,0.6121787653579562
bout_state,classification,transfer_clean_to_raw,jade/keep_top_04/cleaned_jade_220127_F4_run2_fluorescence,raw,2,2534,634,0.6264742929119432,0.5123662631884236,0.6831701591663804
bout_state,classification,transfer_clean_to_raw,jade/keep_top_04/cleaned_jade_220127_F4_run2_fluorescence,raw,3,2533,635,0.6380410654827968,0.6108094576279965,0.6800512657893346
bout_state,classification,transfer_clean_to_raw,jade/keep_top_04/cleaned_jade_220127_F4_run2_fluorescence,raw,4,2536,635,0.5705309139784946,0.527835251519462,0.6268413978494625
bout_state,classification,transfer_raw_to_clean,raw,jade/keep_top_05/cleaned_jade_220127_F4_run2_fluorescence,0,2536,635,0.6294326241134751,0.5622939519657983,0.6629271437782076
bout_state,classification,transfer_raw_to_clean,raw,jade/keep_top_05/cleaned_jade_220127_F4_run2_fluorescence,1,2533,635,0.598046943422666,0.6003416651681353,0.6781648024422591
bout_state,classification,transfer_raw_to_clean,raw,jade/keep_top_05/cleaned_jade_220127_F4_run2_fluorescence,2,2534,634,0.6281632886751403,0.5916348551641001,0.6934472689797321
bout_state,classification,transfer_raw_to_clean,raw,jade/keep_top_05/cleaned_jade_220127_F4_run2_fluorescence,3,2533,635,0.6077110089318747,0.600225646395891,0.6521061254690556
bout_state,classification,transfer_raw_to_clean,raw,jade/keep_top_05/cleaned_jade_220127_F4_run2_fluorescence,4,2536,635,0.603763440860215,0.6073687998015798,0.6534408602150538
bout_state,classification,transfer_clean_to_raw,jade/keep_top_05/cleaned_jade_220127_F4_run2_fluorescence,raw,0,2536,635,0.6107027724049001,0.5865990276897062,0.6599355254674403
bout_state,classification,transfer_clean_to_raw,jade/keep_top_05/cleaned_jade_220127_F4_run2_fluorescence,raw,1,2533,635,0.5768210594800189,0.5656423421799022,0.6331106273302805
bout_state,classification,transfer_clean_to_raw,jade/keep_top_05/cleaned_jade_220127_F4_run2_fluorescence,raw,2,2534,634,0.6353629909538532,0.5429965898397671,0.6932039390816443
bout_state,classification,transfer_clean_to_raw,jade/keep_top_05/cleaned_jade_220127_F4_run2_fluorescence,raw,3,2533,635,0.626552507795571,0.610990990990991,0.6509698218910205
bout_state,classification,transfer_clean_to_raw,jade/keep_top_05/cleaned_jade_220127_F4_run2_fluorescence,raw,4,2536,635,0.5796034946236559,0.5437125748502993,0.6153763440860216
bout_state,classification,transfer_raw_to_clean,raw,jade/keep_top_06/cleaned_jade_220127_F4_run2_fluorescence,0,2536,635,0.6347517730496454,0.569061088316963,0.7006060606060606
bout_state,classification,transfer_raw_to_clean,raw,jade/keep_top_06/cleaned_jade_220127_F4_run2_fluorescence,1,2533,635,0.6280309286089634,0.6291695734384717,0.7119585616695443
bout_state,classification,transfer_raw_to_clean,raw,jade/keep_top_06/cleaned_jade_220127_F4_run2_fluorescence,2,2534,634,0.6392705828466736,0.601683262209578,0.7315498683155847
bout_state,classification,transfer_raw_to_clean,raw,jade/keep_top_06/cleaned_jade_220127_F4_run2_fluorescence,3,2533,635,0.6276227472120923,0.6162035460405411,0.6993023624544157
bout_state,classification,transfer_raw_to_clean,raw,jade/keep_top_06/cleaned_jade_220127_F4_run2_fluorescence,4,2536,635,0.5938844086021505,0.5988744365004164,0.6565188172043012
bout_state,classification,transfer_clean_to_raw,jade/keep_top_06/cleaned_jade_220127_F4_run2_fluorescence,raw,0,2536,635,0.6177949709864603,0.5607096519875424,0.6853320438426822
bout_state,classification,transfer_clean_to_raw,jade/keep_top_06/cleaned_jade_220127_F4_run2_fluorescence,raw,1,2533,635,0.6021069489277582,0.587063998477917,0.6627755673998449
bout_state,classification,transfer_clean_to_raw,jade/keep_top_06/cleaned_jade_220127_F4_run2_fluorescence,raw,2,2534,634,0.5977184243673422,0.52668906308324,0.6549796747967479
bout_state,classification,transfer_clean_to_raw,jade/keep_top_06/cleaned_jade_220127_F4_run2_fluorescence,raw,3,2533,635,0.607697796099572,0.5979826912202197,0.6537313038422917
bout_state,classification,transfer_clean_to_raw,jade/keep_top_06/cleaned_jade_220127_F4_run2_fluorescence,raw,4,2536,635,0.5730510752688172,0.5742570193202343,0.6302553763440859
bout_state,classification,transfer_raw_to_clean,raw,sobi/keep_top_01/cleaned_sobi_220127_F4_run2_fluorescence,0,2536,635,0.5275950999355254,0.46211069558335294,0.5426305609284333
bout_state,classification,transfer_raw_to_clean,raw,sobi/keep_top_01/cleaned_sobi_220127_F4_run2_fluorescence,1,2533,635,0.4773477967119586,0.45833968012185833,0.5227835748066962
bout_state,classification,transfer_raw_to_clean,raw,sobi/keep_top_01/cleaned_sobi_220127_F4_run2_fluorescence,2,2534,634,0.48190770640100766,0.4807602577698018,0.5036642619947326
bout_state,classification,transfer_raw_to_clean,raw,sobi/keep_top_01/cleaned_sobi_220127_F4_run2_fluorescence,3,2533,635,0.459859415464299,0.4606933507680573,0.48125099096242274
bout_state,classification,transfer_raw_to_clean,raw,sobi/keep_top_01/cleaned_sobi_220127_F4_run2_fluorescence,4,2536,635,0.5078965053763441,0.46202397593934,0.5353494623655914
bout_state,classification,transfer_clean_to_raw,sobi/keep_top_01/cleaned_sobi_220127_F4_run2_fluorescence,raw,0,2536,635,0.5482914248871695,0.4156552841172633,0.5744551901998711
bout_state,classification,transfer_clean_to_raw,sobi/keep_top_01/cleaned_sobi_220127_F4_run2_fluorescence,raw,1,2533,635,0.5642782073417911,0.5274307156932623,0.5750944623776995
bout_state,classification,transfer_clean_to_raw,sobi/keep_top_01/cleaned_sobi_220127_F4_run2_fluorescence,raw,2,2534,634,0.5517863277224322,0.3531370753890941,0.6012681781747394
bout_state,classification,transfer_clean_to_raw,sobi/keep_top_01/cleaned_sobi_220127_F4_run2_fluorescence,raw,3,2533,635,0.5759936049891654,0.5157650647410359,0.5941017916600603
bout_state,classification,transfer_clean_to_raw,sobi/keep_top_01/cleaned_sobi_220127_F4_run2_fluorescence,raw,4,2536,635,0.5546370967741936,0.5292809488510007,0.5594623655913978
bout_state,classification,transfer_raw_to_clean,raw,sobi/keep_top_02/cleaned_sobi_220127_F4_run2_fluorescence,0,2536,635,0.6136363636363636,0.5441025641025641,0.6534751773049645
bout_state,classification,transfer_raw_to_clean,raw,sobi/keep_top_02/cleaned_sobi_220127_F4_run2_fluorescence,1,2533,635,0.5983910116858093,0.6027321988341647,0.7046267797712884
bout_state,classification,transfer_raw_to_clean,raw,sobi/keep_top_02/cleaned_sobi_220127_F4_run2_fluorescence,2,2534,634,0.665478644223062,0.6229172029933688,0.7383058513683728
bout_state,classification,transfer_raw_to_clean,raw,sobi/keep_top_02/cleaned_sobi_220127_F4_run2_fluorescence,3,2533,635,0.5835843771470852,0.5767572209356757,0.6618043443792611
bout_state,classification,transfer_raw_to_clean,raw,sobi/keep_top_02/cleaned_sobi_220127_F4_run2_fluorescence,4,2536,635,0.620766129032258,0.6342165898617511,0.6856048387096774
bout_state,classification,transfer_clean_to_raw,sobi/keep_top_02/cleaned_sobi_220127_F4_run2_fluorescence,raw,0,2536,635,0.6557059961315281,0.5919023136246786,0.6916698903932946
bout_state,classification,transfer_clean_to_raw,sobi/keep_top_02/cleaned_sobi_220127_F4_run2_fluorescence,raw,1,2533,635,0.6673985936991718,0.6677007442224834,0.7252583639866876
bout_state,classification,transfer_clean_to_raw,sobi/keep_top_02/cleaned_sobi_220127_F4_run2_fluorescence,raw,2,2534,634,0.6321281346616283,0.5608135167606533,0.6764714302072597
bout_state,classification,transfer_clean_to_raw,sobi/keep_top_02/cleaned_sobi_220127_F4_run2_fluorescence,raw,3,2533,635,0.5928862110882089,0.5589597160055564,0.6349822948047144
bout_state,classification,transfer_clean_to_raw,sobi/keep_top_02/cleaned_sobi_220127_F4_run2_fluorescence,raw,4,2536,635,0.5775873655913979,0.5679673670437928,0.6125403225806452
bout_state,classification,transfer_raw_to_clean,raw,sobi/keep_top_03/cleaned_sobi_220127_F4_run2_fluorescence,0,2536,635,0.6165054803352675,0.5437903483541068,0.6526627981947131
bout_state,classification,transfer_raw_to_clean,raw,sobi/keep_top_03/cleaned_sobi_220127_F4_run2_fluorescence,1,2533,635,0.5980344318494608,0.6018599673701454,0.6921527412856893
bout_state,classification,transfer_raw_to_clean,raw,sobi/keep_top_03/cleaned_sobi_220127_F4_run2_fluorescence,2,2534,634,0.6710322913088286,0.6279871977240398,0.7298894995992214
bout_state,classification,transfer_raw_to_clean,raw,sobi/keep_top_03/cleaned_sobi_220127_F4_run2_fluorescence,3,2533,635,0.6014283071719253,0.5958421556765476,0.6621743036837376
bout_state,classification,transfer_raw_to_clean,raw,sobi/keep_top_03/cleaned_sobi_220127_F4_run2_fluorescence,4,2536,635,0.6079637096774193,0.6191843949245628,0.6780645161290324
bout_state,classification,transfer_clean_to_raw,sobi/keep_top_03/cleaned_sobi_220127_F4_run2_fluorescence,raw,0,2536,635,0.6504835589941973,0.6296795982138971,0.7067698259187621
bout_state,classification,transfer_clean_to_raw,sobi/keep_top_03/cleaned_sobi_220127_F4_run2_fluorescence,raw,1,2533,635,0.6277243950654355,0.6164530257448739,0.671345995045417
bout_state,classification,transfer_clean_to_raw,sobi/keep_top_03/cleaned_sobi_220127_F4_run2_fluorescence,raw,2,2534,634,0.6274046719340434,0.5768025433028997,0.6721344326119317
bout_state,classification,transfer_clean_to_raw,sobi/keep_top_03/cleaned_sobi_220127_F4_run2_fluorescence,raw,3,2533,635,0.5530957666085302,0.5376534220927813,0.6065350668569315
bout_state,classification,transfer_clean_to_raw,sobi/keep_top_03/cleaned_sobi_220127_F4_run2_fluorescence,raw,4,2536,635,0.5584341397849463,0.5499645641389086,0.6055376344086022
bout_state,classification,transfer_raw_to_clean,raw,sobi/keep_top_04/cleaned_sobi_220127_F4_run2_fluorescence,0,2536,635,0.7004190844616376,0.623948051948052,0.7688201160541587
bout_state,classification,transfer_raw_to_clean,raw,sobi/keep_top_04/cleaned_sobi_220127_F4_run2_fluorescence,1,2533,635,0.6836448715061432,0.685295259620757,0.7814353276781022
bout_state,classification,transfer_raw_to_clean,raw,sobi/keep_top_04/cleaned_sobi_220127_F4_run2_fluorescence,2,2534,634,0.7021785182640559,0.6465053607313362,0.7929262567273561
bout_state,classification,transfer_raw_to_clean,raw,sobi/keep_top_04/cleaned_sobi_220127_F4_run2_fluorescence,3,2533,635,0.6622337614291,0.6487227399011629,0.7411738280217748
bout_state,classification,transfer_raw_to_clean,raw,sobi/keep_top_04/cleaned_sobi_220127_F4_run2_fluorescence,4,2536,635,0.6248991935483871,0.6312939709680292,0.7011693548387097
bout_state,classification,transfer_clean_to_raw,sobi/keep_top_04/cleaned_sobi_220127_F4_run2_fluorescence,raw,0,2536,635,0.6244358478401032,0.6107513125982783,0.6803997421018697
bout_state,classification,transfer_clean_to_raw,sobi/keep_top_04/cleaned_sobi_220127_F4_run2_fluorescence,raw,1,2533,635,0.6349435728048445,0.6240885752467588,0.6976328103495733
bout_state,classification,transfer_clean_to_raw,sobi/keep_top_04/cleaned_sobi_220127_F4_run2_fluorescence,raw,2,2534,634,0.6511794343295545,0.6004079574624129,0.7152324516202909
bout_state,classification,transfer_clean_to_raw,sobi/keep_top_04/cleaned_sobi_220127_F4_run2_fluorescence,raw,3,2533,635,0.5740447122245125,0.5509142960599271,0.6422163204904603
bout_state,classification,transfer_clean_to_raw,sobi/keep_top_04/cleaned_sobi_220127_F4_run2_fluorescence,raw,4,2536,635,0.5904905913978494,0.5786716975132167,0.6389919354838709
bout_state,classification,transfer_raw_to_clean,raw,sobi/keep_top_05/cleaned_sobi_220127_F4_run2_fluorescence,0,2536,635,0.6925531914893617,0.6217631199448241,0.7602578981302385
bout_state,classification,transfer_raw_to_clean,raw,sobi/keep_top_05/cleaned_sobi_220127_F4_run2_fluorescence,1,2533,635,0.6782336160948877,0.6782336160948877,0.7728899231789405
bout_state,classification,transfer_raw_to_clean,raw,sobi/keep_top_05/cleaned_sobi_220127_F4_run2_fluorescence,2,2534,634,0.6951362647429291,0.6418204268008574,0.7821195465475782
bout_state,classification,transfer_raw_to_clean,raw,sobi/keep_top_05/cleaned_sobi_220127_F4_run2_fluorescence,3,2533,635,0.6674792558532847,0.6539829138767028,0.7397468421330796
bout_state,classification,transfer_raw_to_clean,raw,sobi/keep_top_05/cleaned_sobi_220127_F4_run2_fluorescence,4,2536,635,0.6205309139784947,0.6275579416283747,0.6882258064516128
bout_state,classification,transfer_clean_to_raw,sobi/keep_top_05/cleaned_sobi_220127_F4_run2_fluorescence,raw,0,2536,635,0.6514829142488717,0.6206765030050285,0.7050419084461639
bout_state,classification,transfer_clean_to_raw,sobi/keep_top_05/cleaned_sobi_220127_F4_run2_fluorescence,raw,1,2533,635,0.6254723118884968,0.6319257522053141,0.7223306558566676
bout_state,classification,transfer_clean_to_raw,sobi/keep_top_05/cleaned_sobi_220127_F4_run2_fluorescence,raw,2,2534,634,0.6479875186075804,0.5876854371641895,0.7190541623726097
bout_state,classification,transfer_clean_to_raw,sobi/keep_top_05/cleaned_sobi_220127_F4_run2_fluorescence,raw,3,2533,635,0.6044342265207969,0.5713285605940643,0.6604698483166852
bout_state,classification,transfer_clean_to_raw,sobi/keep_top_05/cleaned_sobi_220127_F4_run2_fluorescence,raw,4,2536,635,0.6078965053763441,0.602869116698904,0.6354166666666667
bout_state,classification,transfer_raw_to_clean,raw,sobi/keep_top_06/cleaned_sobi_220127_F4_run2_fluorescence,0,2536,635,0.6836234687298517,0.6180576531617309,0.759806576402321
bout_state,classification,transfer_raw_to_clean,raw,sobi/keep_top_06/cleaned_sobi_220127_F4_run2_fluorescence,1,2533,635,0.6930410629832595,0.6926917300745283,0.7727773190200936
bout_state,classification,transfer_raw_to_clean,raw,sobi/keep_top_06/cleaned_sobi_220127_F4_run2_fluorescence,2,2534,634,0.698185045230734,0.6458525258019894,0.7957603343639069
bout_state,classification,transfer_raw_to_clean,raw,sobi/keep_top_06/cleaned_sobi_220127_F4_run2_fluorescence,3,2533,635,0.6748189841974526,0.6604319819044575,0.7462211299614185
bout_state,classification,transfer_raw_to_clean,raw,sobi/keep_top_06/cleaned_sobi_220127_F4_run2_fluorescence,4,2536,635,0.6314516129032258,0.6366830590159676,0.6973790322580645
bout_state,classification,transfer_clean_to_raw,sobi/keep_top_06/cleaned_sobi_220127_F4_run2_fluorescence,raw,0,2536,635,0.6788523533204385,0.6303831669685329,0.718916827852998
bout_state,classification,transfer_clean_to_raw,sobi/keep_top_06/cleaned_sobi_220127_F4_run2_fluorescence,raw,1,2533,635,0.6533043064834972,0.6560173855409401,0.7168505867927832
bout_state,classification,transfer_clean_to_raw,sobi/keep_top_06/cleaned_sobi_220127_F4_run2_fluorescence,raw,2,2534,634,0.6729932440169473,0.6262351626499133,0.7287587312492844
bout_state,classification,transfer_clean_to_raw,sobi/keep_top_06/cleaned_sobi_220127_F4_run2_fluorescence,raw,3,2533,635,0.6013093916812008,0.5735416948846449,0.6612361925902436
bout_state,classification,transfer_clean_to_raw,sobi/keep_top_06/cleaned_sobi_220127_F4_run2_fluorescence,raw,4,2536,635,0.6059475806451613,0.6092307692307692,0.6509408602150537
bout_state,classification,null_within,raw,raw,0,2536,635,0.52664548532105,0.48409836197442546,0.5214912037293967
bout_state,classification,null_within,raw,raw,1,2533,635,0.4939890317791029,0.4779565303040252,0.47703379074167207
bout_state,classification,null_within,raw,raw,2,2534,634,0.5499690705335692,0.5256056749622926,0.568167105433516
bout_state,classification,null_within,raw,raw,3,2533,635,0.5114144736842106,0.5110369609856262,0.5332631578947369
bout_state,classification,null_within,raw,raw,4,2536,635,0.49610882088684527,0.39118231495280675,0.4826515511865123
bout_state,classification,null_within,fastica/keep_top_01/cleaned_fastica_220127_F4_run2_fluorescence,fastica/keep_top_01/cleaned_fastica_220127_F4_run2_fluorescence,0,2536,635,0.5291636605804984,0.47753164556962024,0.5256812253732172
bout_state,classification,null_within,fastica/keep_top_01/cleaned_fastica_220127_F4_run2_fluorescence,fastica/keep_top_01/cleaned_fastica_220127_F4_run2_fluorescence,1,2533,635,0.5089745431903633,0.4236091821753105,0.5112316497832698
bout_state,classification,null_within,fastica/keep_top_01/cleaned_fastica_220127_F4_run2_fluorescence,fastica/keep_top_01/cleaned_fastica_220127_F4_run2_fluorescence,2,2534,634,0.5570037259217699,0.5009757938433339,0.5482859321278034
bout_state,classification,null_within,fastica/keep_top_01/cleaned_fastica_220127_F4_run2_fluorescence,fastica/keep_top_01/cleaned_fastica_220127_F4_run2_fluorescence,3,2533,635,0.4837171052631579,0.4822571616326332,0.4880657894736842
bout_state,classification,null_within,fastica/keep_top_01/cleaned_fastica_220127_F4_run2_fluorescence,fastica/keep_top_01/cleaned_fastica_220127_F4_run2_fluorescence,4,2536,635,0.5351263146768142,0.4930159759057098,0.5343005126578934
bout_state,classification,null_within,fastica/keep_top_02/cleaned_fastica_220127_F4_run2_fluorescence,fastica/keep_top_02/cleaned_fastica_220127_F4_run2_fluorescence,0,2536,635,0.5116058049836284,0.49198698329636914,0.5158998834563516
bout_state,classification,null_within,fastica/keep_top_02/cleaned_fastica_220127_F4_run2_fluorescence,fastica/keep_top_02/cleaned_fastica_220127_F4_run2_fluorescence,1,2533,635,0.48912158440500997,0.39990475269185266,0.4939171875374189
bout_state,classification,null_within,fastica/keep_top_02/cleaned_fastica_220127_F4_run2_fluorescence,fastica/keep_top_02/cleaned_fastica_220127_F4_run2_fluorescence,2,2534,634,0.5341950426538922,0.4796707541697075,0.5400572554773927
bout_state,classification,null_within,fastica/keep_top_02/cleaned_fastica_220127_F4_run2_fluorescence,fastica/keep_top_02/cleaned_fastica_220127_F4_run2_fluorescence,3,2533,635,0.4989802631578947,0.48739410110211334,0.49599999999999994
bout_state,classification,null_within,fastica/keep_top_02/cleaned_fastica_220127_F4_run2_fluorescence,fastica/keep_top_02/cleaned_fastica_220127_F4_run2_fluorescence,4,2536,635,0.4839133766714233,0.4807880538579068,0.47965223825379205
bout_state,classification,null_within,fastica/keep_top_03/cleaned_fastica_220127_F4_run2_fluorescence,fastica/keep_top_03/cleaned_fastica_220127_F4_run2_fluorescence,0,2536,635,0.5054803263222154,0.4748212828330527,0.493923081192075
bout_state,classification,null_within,fastica/keep_top_03/cleaned_fastica_220127_F4_run2_fluorescence,fastica/keep_top_03/cleaned_fastica_220127_F4_run2_fluorescence,1,2533,635,0.4765189070096032,0.448919790900923,0.4920731853341955
bout_state,classification,null_within,fastica/keep_top_03/cleaned_fastica_220127_F4_run2_fluorescence,fastica/keep_top_03/cleaned_fastica_220127_F4_run2_fluorescence,2,2534,634,0.5128609037158517,0.4287194802874245,0.5328355847107735
bout_state,classification,null_within,fastica/keep_top_03/cleaned_fastica_220127_F4_run2_fluorescence,fastica/keep_top_03/cleaned_fastica_220127_F4_run2_fluorescence,3,2533,635,0.5049342105263158,0.504907356448358,0.49317105263157895
bout_state,classification,null_within,fastica/keep_top_03/cleaned_fastica_220127_F4_run2_fluorescence,fastica/keep_top_03/cleaned_fastica_220127_F4_run2_fluorescence,4,2536,635,0.513186406638127,0.493687707641196,0.5170577665028275
bout_state,classification,null_within,fastica/keep_top_04/cleaned_fastica_220127_F4_run2_fluorescence,fastica/keep_top_04/cleaned_fastica_220127_F4_run2_fluorescence,0,2536,635,0.494644541872468,0.49180152248437187,0.4722653865364338
bout_state,classification,null_within,fastica/keep_top_04/cleaned_fastica_220127_F4_run2_fluorescence,fastica/keep_top_04/cleaned_fastica_220127_F4_run2_fluorescence,1,2533,635,0.5136084967789831,0.509058532269364,0.5176796704744114
bout_state,classification,null_within,fastica/keep_top_04/cleaned_fastica_220127_F4_run2_fluorescence,fastica/keep_top_04/cleaned_fastica_220127_F4_run2_fluorescence,2,2534,634,0.5301742120178959,0.4944855196101391,0.5503215225928962
bout_state,classification,null_within,fastica/keep_top_04/cleaned_fastica_220127_F4_run2_fluorescence,fastica/keep_top_04/cleaned_fastica_220127_F4_run2_fluorescence,3,2533,635,0.505953947368421,0.5058526658526659,0.5093552631578947
bout_state,classification,null_within,fastica/keep_top_04/cleaned_fastica_220127_F4_run2_fluorescence,fastica/keep_top_04/cleaned_fastica_220127_F4_run2_fluorescence,4,2536,635,0.481779504254532,0.47527332824815666,0.5031182284234448
bout_state,classification,null_within,fastica/keep_top_05/cleaned_fastica_220127_F4_run2_fluorescence,fastica/keep_top_05/cleaned_fastica_220127_F4_run2_fluorescence,0,2536,635,0.49033658915589096,0.4903884902989367,0.44892890837449356
bout_state,classification,null_within,fastica/keep_top_05/cleaned_fastica_220127_F4_run2_fluorescence,fastica/keep_top_05/cleaned_fastica_220127_F4_run2_fluorescence,1,2533,635,0.5052745647436359,0.5029495178672717,0.5066815144766147
bout_state,classification,null_within,fastica/keep_top_05/cleaned_fastica_220127_F4_run2_fluorescence,fastica/keep_top_05/cleaned_fastica_220127_F4_run2_fluorescence,2,2534,634,0.5149108799792844,0.44677137870855144,0.5449556198121215
bout_state,classification,null_within,fastica/keep_top_05/cleaned_fastica_220127_F4_run2_fluorescence,fastica/keep_top_05/cleaned_fastica_220127_F4_run2_fluorescence,3,2533,635,0.4940131578947369,0.4892962743938498,0.49332894736842103
bout_state,classification,null_within,fastica/keep_top_05/cleaned_fastica_220127_F4_run2_fluorescence,fastica/keep_top_05/cleaned_fastica_220127_F4_run2_fluorescence,4,2536,635,0.5351527403414196,0.4995658852601349,0.5304423656254954
bout_state,classification,null_within,fastica/keep_top_06/cleaned_fastica_220127_F4_run2_fluorescence,fastica/keep_top_06/cleaned_fastica_220127_F4_run2_fluorescence,0,2536,635,0.5008740773627838,0.4862815801030904,0.5122787058105333
bout_state,classification,null_within,fastica/keep_top_06/cleaned_fastica_220127_F4_run2_fluorescence,fastica/keep_top_06/cleaned_fastica_220127_F4_run2_fluorescence,1,2533,635,0.4858826065090883,0.4830835452071903,0.49051656009770817
bout_state,classification,null_within,fastica/keep_top_06/cleaned_fastica_220127_F4_run2_fluorescence,fastica/keep_top_06/cleaned_fastica_220127_F4_run2_fluorescence,2,2534,634,0.5707205846388446,0.53138779151268,0.5806971357875506
bout_state,classification,null_within,fastica/keep_top_06/cleaned_fastica_220127_F4_run2_fluorescence,fastica/keep_top_06/cleaned_fastica_220127_F4_run2_fluorescence,3,2533,635,0.5065460526315789,0.500561797752809,0.5195526315789474
bout_state,classification,null_within,fastica/keep_top_06/cleaned_fastica_220127_F4_run2_fluorescence,fastica/keep_top_06/cleaned_fastica_220127_F4_run2_fluorescence,4,2536,635,0.5078021774747634,0.45616922780171026,0.4883594947412927
bout_state,classification,null_within,infomax/keep_top_01/cleaned_infomax_220127_F4_run2_fluorescence,infomax/keep_top_01/cleaned_infomax_220127_F4_run2_fluorescence,0,2536,635,0.44862367500971195,0.28917910447761197,0.44344858205227816
bout_state,classification,null_within,infomax/keep_top_01/cleaned_infomax_220127_F4_run2_fluorescence,infomax/keep_top_01/cleaned_infomax_220127_F4_run2_fluorescence,1,2533,635,0.494168642383313,0.4777056277056277,0.48072179514811886
bout_state,classification,null_within,infomax/keep_top_01/cleaned_infomax_220127_F4_run2_fluorescence,infomax/keep_top_01/cleaned_infomax_220127_F4_run2_fluorescence,2,2534,634,0.4942025232690288,0.4683877987700057,0.5028843525671457
bout_state,classification,null_within,infomax/keep_top_01/cleaned_infomax_220127_F4_run2_fluorescence,infomax/keep_top_01/cleaned_infomax_220127_F4_run2_fluorescence,3,2533,635,0.4862828947368421,0.4714318504240768,0.49007894736842106
bout_state,classification,null_within,infomax/keep_top_01/cleaned_infomax_220127_F4_run2_fluorescence,infomax/keep_top_01/cleaned_infomax_220127_F4_run2_fluorescence,4,2536,635,0.5067913958036044,0.4658233536062867,0.4986258654405158
bout_state,classification,null_within,infomax/keep_top_02/cleaned_infomax_220127_F4_run2_fluorescence,infomax/keep_top_02/cleaned_infomax_220127_F4_run2_fluorescence,0,2536,635,0.45332704367611965,0.28865532830143587,0.4505521949053776
bout_state,classification,null_within,infomax/keep_top_02/cleaned_infomax_220127_F4_run2_fluorescence,infomax/keep_top_02/cleaned_infomax_220127_F4_run2_fluorescence,1,2533,635,0.5061127475632828,0.49810996563573884,0.4799554565701559
bout_state,classification,null_within,infomax/keep_top_02/cleaned_infomax_220127_F4_run2_fluorescence,infomax/keep_top_02/cleaned_infomax_220127_F4_run2_fluorescence,2,2534,634,0.5200825744824709,0.5043239923914509,0.5302892984046149
bout_state,classification,null_within,infomax/keep_top_02/cleaned_infomax_220127_F4_run2_fluorescence,infomax/keep_top_02/cleaned_infomax_220127_F4_run2_fluorescence,3,2533,635,0.48713815789473686,0.4652111946100026,0.4595
bout_state,classification,null_within,infomax/keep_top_02/cleaned_infomax_220127_F4_run2_fluorescence,infomax/keep_top_02/cleaned_infomax_220127_F4_run2_fluorescence,4,2536,635,0.5026161407959411,0.46748417721518987,0.4903282067543999
bout_state,classification,null_within,infomax/keep_top_03/cleaned_infomax_220127_F4_run2_fluorescence,infomax/keep_top_03/cleaned_infomax_220127_F4_run2_fluorescence,0,2536,635,0.46547394417004273,0.4142428677440633,0.4485543037904435
bout_state,classification,null_within,infomax/keep_top_03/cleaned_infomax_220127_F4_run2_fluorescence,infomax/keep_top_03/cleaned_infomax_220127_F4_run2_fluorescence,1,2533,635,0.49786263380990015,0.4965812919825644,0.4937256028929281
bout_state,classification,null_within,infomax/keep_top_03/cleaned_infomax_220127_F4_run2_fluorescence,infomax/keep_top_03/cleaned_infomax_220127_F4_run2_fluorescence,2,2534,634,0.5139470314905126,0.4755623240169601,0.5243335778919052
bout_state,classification,null_within,infomax/keep_top_03/cleaned_infomax_220127_F4_run2_fluorescence,infomax/keep_top_03/cleaned_infomax_220127_F4_run2_fluorescence,3,2533,635,0.4596710526315789,0.42932681254833116,0.4451973684210527
bout_state,classification,null_within,infomax/keep_top_03/cleaned_infomax_220127_F4_run2_fluorescence,infomax/keep_top_03/cleaned_infomax_220127_F4_run2_fluorescence,4,2536,635,0.4594762433275197,0.39261909244963283,0.45716399767454147
bout_state,classification,null_within,infomax/keep_top_04/cleaned_infomax_220127_F4_run2_fluorescence,infomax/keep_top_04/cleaned_infomax_220127_F4_run2_fluorescence,0,2536,635,0.48276125201176534,0.4431237056760069,0.4987096953216049
bout_state,classification,null_within,infomax/keep_top_04/cleaned_infomax_220127_F4_run2_fluorescence,infomax/keep_top_04/cleaned_infomax_220127_F4_run2_fluorescence,1,2533,635,0.5082740618339441,0.4921863659277519,0.5138060684436143
bout_state,classification,null_within,infomax/keep_top_04/cleaned_infomax_220127_F4_run2_fluorescence,infomax/keep_top_04/cleaned_infomax_220127_F4_run2_fluorescence,2,2534,634,0.5313178829859163,0.5322626411667897,0.5491490800281961
bout_state,classification,null_within,infomax/keep_top_04/cleaned_infomax_220127_F4_run2_fluorescence,infomax/keep_top_04/cleaned_infomax_220127_F4_run2_fluorescence,3,2533,635,0.47365131578947367,0.45748865190345045,0.46775
bout_state,classification,null_within,infomax/keep_top_04/cleaned_infomax_220127_F4_run2_fluorescence,infomax/keep_top_04/cleaned_infomax_220127_F4_run2_fluorescence,4,2536,635,0.4690357274985466,0.43596254728614126,0.45668833571164313
bout_state,classification,null_within,infomax/keep_top_05/cleaned_infomax_220127_F4_run2_fluorescence,infomax/keep_top_05/cleaned_infomax_220127_F4_run2_fluorescence,0,2536,635,0.5149911204839336,0.43485999863079344,0.5036142405238914
bout_state,classification,null_within,infomax/keep_top_05/cleaned_infomax_220127_F4_run2_fluorescence,infomax/keep_top_05/cleaned_infomax_220127_F4_run2_fluorescence,1,2533,635,0.5325394544627249,0.5293399927020617,0.5065378259932467
bout_state,classification,null_within,infomax/keep_top_05/cleaned_infomax_220127_F4_run2_fluorescence,infomax/keep_top_05/cleaned_infomax_220127_F4_run2_fluorescence,2,2534,634,0.5175938313696719,0.5141955835962144,0.537769913541352
bout_state,classification,null_within,infomax/keep_top_05/cleaned_infomax_220127_F4_run2_fluorescence,infomax/keep_top_05/cleaned_infomax_220127_F4_run2_fluorescence,3,2533,635,0.4861184210526316,0.4653449531498312,0.4854671052631579
bout_state,classification,null_within,infomax/keep_top_05/cleaned_infomax_220127_F4_run2_fluorescence,infomax/keep_top_05/cleaned_infomax_220127_F4_run2_fluorescence,4,2536,635,0.4900969821891021,0.4714129244249726,0.47657364832725546
bout_state,classification,null_within,infomax/keep_top_06/cleaned_infomax_220127_F4_run2_fluorescence,infomax/keep_top_06/cleaned_infomax_220127_F4_run2_fluorescence,0,2536,635,0.47981991231477883,0.36984696656544025,0.5139297408291248
bout_state,classification,null_within,infomax/keep_top_06/cleaned_infomax_220127_F4_run2_fluorescence,infomax/keep_top_06/cleaned_infomax_220127_F4_run2_fluorescence,1,2533,635,0.5109203247359724,0.5067010194044532,0.48994180616423594
bout_state,classification,null_within,infomax/keep_top_06/cleaned_infomax_220127_F4_run2_fluorescence,infomax/keep_top_06/cleaned_infomax_220127_F4_run2_fluorescence,2,2534,634,0.5793736423402817,0.556853544685403,0.5820925582265187
bout_state,classification,null_within,infomax/keep_top_06/cleaned_infomax_220127_F4_run2_fluorescence,infomax/keep_top_06/cleaned_infomax_220127_F4_run2_fluorescence,3,2533,635,0.5236842105263158,0.5231992128838486,0.5175921052631579
bout_state,classification,null_within,infomax/keep_top_06/cleaned_infomax_220127_F4_run2_fluorescence,infomax/keep_top_06/cleaned_infomax_220127_F4_run2_fluorescence,4,2536,635,0.480696052005708,0.46979345011681156,0.4746049363141483
bout_state,classification,null_within,jade/keep_top_01/cleaned_jade_220127_F4_run2_fluorescence,jade/keep_top_01/cleaned_jade_220127_F4_run2_fluorescence,0,2536,635,0.536648815139575,0.4846283386339062,0.5451467894999723
bout_state,classification,null_within,jade/keep_top_01/cleaned_jade_220127_F4_run2_fluorescence,jade/keep_top_01/cleaned_jade_220127_F4_run2_fluorescence,1,2533,635,0.48339200613070865,0.4594354786857841,0.4968029312450607
bout_state,classification,null_within,jade/keep_top_01/cleaned_jade_220127_F4_run2_fluorescence,jade/keep_top_01/cleaned_jade_220127_F4_run2_fluorescence,2,2534,634,0.5484873333045617,0.5383966891477622,0.5745687856947621
bout_state,classification,null_within,jade/keep_top_01/cleaned_jade_220127_F4_run2_fluorescence,jade/keep_top_01/cleaned_jade_220127_F4_run2_fluorescence,3,2533,635,0.48358552631578944,0.4802121147412627,0.4771710526315789
bout_state,classification,null_within,jade/keep_top_01/cleaned_jade_220127_F4_run2_fluorescence,jade/keep_top_01/cleaned_jade_220127_F4_run2_fluorescence,4,2536,635,0.5485703715448444,0.4404088582637963,0.5821045399291793
bout_state,classification,null_within,jade/keep_top_02/cleaned_jade_220127_F4_run2_fluorescence,jade/keep_top_02/cleaned_jade_220127_F4_run2_fluorescence,0,2536,635,0.5128336755646817,0.4766969016565748,0.5316055274987513
bout_state,classification,null_within,jade/keep_top_02/cleaned_jade_220127_F4_run2_fluorescence,jade/keep_top_02/cleaned_jade_220127_F4_run2_fluorescence,1,2533,635,0.5035503029432191,0.4896161875532189,0.5164164092248006
bout_state,classification,null_within,jade/keep_top_02/cleaned_jade_220127_F4_run2_fluorescence,jade/keep_top_02/cleaned_jade_220127_F4_run2_fluorescence,2,2534,634,0.54038812883921,0.533416695973845,0.5561118064246976
bout_state,classification,null_within,jade/keep_top_02/cleaned_jade_220127_F4_run2_fluorescence,jade/keep_top_02/cleaned_jade_220127_F4_run2_fluorescence,3,2533,635,0.46154605263157894,0.45865302642796246,0.46814473684210534
bout_state,classification,null_within,jade/keep_top_02/cleaned_jade_220127_F4_run2_fluorescence,jade/keep_top_02/cleaned_jade_220127_F4_run2_fluorescence,4,2536,635,0.49725173088103164,0.4282612149780202,0.5124597008614766
bout_state,classification,null_within,jade/keep_top_03/cleaned_jade_220127_F4_run2_fluorescence,jade/keep_top_03/cleaned_jade_220127_F4_run2_fluorescence,0,2536,635,0.5147552583384205,0.47364058355437666,0.520284144514124
bout_state,classification,null_within,jade/keep_top_03/cleaned_jade_220127_F4_run2_fluorescence,jade/keep_top_03/cleaned_jade_220127_F4_run2_fluorescence,1,2533,635,0.5193680101539861,0.5161719761279595,0.5121656249251623
bout_state,classification,null_within,jade/keep_top_03/cleaned_jade_220127_F4_run2_fluorescence,jade/keep_top_03/cleaned_jade_220127_F4_run2_fluorescence,2,2534,634,0.5276495044092472,0.49673300470345627,0.5416396932947795
bout_state,classification,null_within,jade/keep_top_03/cleaned_jade_220127_F4_run2_fluorescence,jade/keep_top_03/cleaned_jade_220127_F4_run2_fluorescence,3,2533,635,0.4989802631578947,0.48739410110211334,0.48746052631578946
bout_state,classification,null_within,jade/keep_top_03/cleaned_jade_220127_F4_run2_fluorescence,jade/keep_top_03/cleaned_jade_220127_F4_run2_fluorescence,4,2536,635,0.50454521431214,0.4164069367857428,0.49719887955182085
bout_state,classification,null_within,jade/keep_top_04/cleaned_jade_220127_F4_run2_fluorescence,jade/keep_top_04/cleaned_jade_220127_F4_run2_fluorescence,0,2536,635,0.5094552971863033,0.474462859986585,0.5261945723958045
bout_state,classification,null_within,jade/keep_top_04/cleaned_jade_220127_F4_run2_fluorescence,jade/keep_top_04/cleaned_jade_220127_F4_run2_fluorescence,1,2533,635,0.5251275235289892,0.5231045466709253,0.5108724285748498
bout_state,classification,null_within,jade/keep_top_04/cleaned_jade_220127_F4_run2_fluorescence,jade/keep_top_04/cleaned_jade_220127_F4_run2_fluorescence,2,2534,634,0.5398126969056147,0.5074289991833772,0.5419417950599168
bout_state,classification,null_within,jade/keep_top_04/cleaned_jade_220127_F4_run2_fluorescence,jade/keep_top_04/cleaned_jade_220127_F4_run2_fluorescence,3,2533,635,0.48865131578947374,0.4814920610189249,0.49688157894736845
bout_state,classification,null_within,jade/keep_top_04/cleaned_jade_220127_F4_run2_fluorescence,jade/keep_top_04/cleaned_jade_220127_F4_run2_fluorescence,4,2536,635,0.5244107076792981,0.4059220436311478,0.5110987791342952
bout_state,classification,null_within,jade/keep_top_05/cleaned_jade_220127_F4_run2_fluorescence,jade/keep_top_05/cleaned_jade_220127_F4_run2_fluorescence,0,2536,635,0.5343595649037127,0.5122887864823349,0.5324796048615351
bout_state,classification,null_within,jade/keep_top_05/cleaned_jade_220127_F4_run2_fluorescence,jade/keep_top_05/cleaned_jade_220127_F4_run2_fluorescence,1,2533,635,0.5042028881385157,0.49121434028360067,0.5220202600761549
bout_state,classification,null_within,jade/keep_top_05/cleaned_jade_220127_F4_run2_fluorescence,jade/keep_top_05/cleaned_jade_220127_F4_run2_fluorescence,2,2534,634,0.5398055040064449,0.5039471433338849,0.5612043790370146
bout_state,classification,null_within,jade/keep_top_05/cleaned_jade_220127_F4_run2_fluorescence,jade/keep_top_05/cleaned_jade_220127_F4_run2_fluorescence,3,2533,635,0.5192434210526315,0.5154151404151404,0.5057105263157895
bout_state,classification,null_within,jade/keep_top_05/cleaned_jade_220127_F4_run2_fluorescence,jade/keep_top_05/cleaned_jade_220127_F4_run2_fluorescence,4,2536,635,0.5117726335817346,0.37125436447964977,0.48423709106284013
bout_state,classification,null_within,jade/keep_top_06/cleaned_jade_220127_F4_run2_fluorescence,jade/keep_top_06/cleaned_jade_220127_F4_run2_fluorescence,0,2536,635,0.5222750985071314,0.4670827134897997,0.5212692158277374
bout_state,classification,null_within,jade/keep_top_06/cleaned_jade_220127_F4_run2_fluorescence,jade/keep_top_06/cleaned_jade_220127_F4_run2_fluorescence,1,2533,635,0.5034006274397107,0.4678987141202999,0.5105132073664296
bout_state,classification,null_within,jade/keep_top_06/cleaned_jade_220127_F4_run2_fluorescence,jade/keep_top_06/cleaned_jade_220127_F4_run2_fluorescence,2,2534,634,0.5626645375685123,0.5473278230043245,0.5779494483046337
bout_state,classification,null_within,jade/keep_top_06/cleaned_jade_220127_F4_run2_fluorescence,jade/keep_top_06/cleaned_jade_220127_F4_run2_fluorescence,3,2533,635,0.5013815789473685,0.49705751372612317,0.4900394736842105
bout_state,classification,null_within,jade/keep_top_06/cleaned_jade_220127_F4_run2_fluorescence,jade/keep_top_06/cleaned_jade_220127_F4_run2_fluorescence,4,2536,635,0.5191387875905079,0.38897486260738445,0.49894297341578137
bout_state,classification,null_within,sobi/keep_top_01/cleaned_sobi_220127_F4_run2_fluorescence,sobi/keep_top_01/cleaned_sobi_220127_F4_run2_fluorescence,0,2536,635,0.5175509184749432,0.2822790475395784,0.5387091403518508
bout_state,classification,null_within,sobi/keep_top_01/cleaned_sobi_220127_F4_run2_fluorescence,sobi/keep_top_01/cleaned_sobi_220127_F4_run2_fluorescence,1,2533,635,0.4953001891898364,0.44401917227025295,0.49748545154105894
bout_state,classification,null_within,sobi/keep_top_01/cleaned_sobi_220127_F4_run2_fluorescence,sobi/keep_top_01/cleaned_sobi_220127_F4_run2_fluorescence,2,2534,634,0.4713147181102816,0.4015670284525914,0.4912030843151641
bout_state,classification,null_within,sobi/keep_top_01/cleaned_sobi_220127_F4_run2_fluorescence,sobi/keep_top_01/cleaned_sobi_220127_F4_run2_fluorescence,3,2533,635,0.46611842105263157,0.37887804550240056,0.46598684210526314
bout_state,classification,null_within,sobi/keep_top_01/cleaned_sobi_220127_F4_run2_fluorescence,sobi/keep_top_01/cleaned_sobi_220127_F4_run2_fluorescence,4,2536,635,0.5084826383383543,0.2818937587872119,0.5368241636277152
bout_state,classification,null_within,sobi/keep_top_02/cleaned_sobi_220127_F4_run2_fluorescence,sobi/keep_top_02/cleaned_sobi_220127_F4_run2_fluorescence,0,2536,635,0.5146650757533714,0.36374007936507935,0.5422331982906932
bout_state,classification,null_within,sobi/keep_top_02/cleaned_sobi_220127_F4_run2_fluorescence,sobi/keep_top_02/cleaned_sobi_220127_F4_run2_fluorescence,1,2533,635,0.5094355437411692,0.4220472440944882,0.5056637210527576
bout_state,classification,null_within,sobi/keep_top_02/cleaned_sobi_220127_F4_run2_fluorescence,sobi/keep_top_02/cleaned_sobi_220127_F4_run2_fluorescence,2,2534,634,0.5443729949793564,0.511024407948462,0.548098916749385
bout_state,classification,null_within,sobi/keep_top_02/cleaned_sobi_220127_F4_run2_fluorescence,sobi/keep_top_02/cleaned_sobi_220127_F4_run2_fluorescence,3,2533,635,0.48789473684210527,0.4861209141577628,0.49911842105263154
bout_state,classification,null_within,sobi/keep_top_02/cleaned_sobi_220127_F4_run2_fluorescence,sobi/keep_top_02/cleaned_sobi_220127_F4_run2_fluorescence,4,2536,635,0.5010702394165213,0.22019381580428846,0.5243776755985413
bout_state,classification,null_within,sobi/keep_top_03/cleaned_sobi_220127_F4_run2_fluorescence,sobi/keep_top_03/cleaned_sobi_220127_F4_run2_fluorescence,0,2536,635,0.5092679948942782,0.33171032694829183,0.5328264609578778
bout_state,classification,null_within,sobi/keep_top_03/cleaned_sobi_220127_F4_run2_fluorescence,sobi/keep_top_03/cleaned_sobi_220127_F4_run2_fluorescence,1,2533,635,0.4853198266158968,0.3967546464067705,0.5123811576502143
bout_state,classification,null_within,sobi/keep_top_03/cleaned_sobi_220127_F4_run2_fluorescence,sobi/keep_top_03/cleaned_sobi_220127_F4_run2_fluorescence,2,2534,634,0.5464301641419591,0.5259543719867447,0.5479550587659863
bout_state,classification,null_within,sobi/keep_top_03/cleaned_sobi_220127_F4_run2_fluorescence,sobi/keep_top_03/cleaned_sobi_220127_F4_run2_fluorescence,3,2533,635,0.4877302631578947,0.4833380500919768,0.49507894736842106
bout_state,classification,null_within,sobi/keep_top_03/cleaned_sobi_220127_F4_run2_fluorescence,sobi/keep_top_03/cleaned_sobi_220127_F4_run2_fluorescence,4,2536,635,0.5105240209291264,0.2402251493018707,0.5270730933882987
bout_state,classification,null_within,sobi/keep_top_04/cleaned_sobi_220127_F4_run2_fluorescence,sobi/keep_top_04/cleaned_sobi_220127_F4_run2_fluorescence,0,2536,635,0.5256604140074366,0.38409922480620157,0.5413036239524947
bout_state,classification,null_within,sobi/keep_top_04/cleaned_sobi_220127_F4_run2_fluorescence,sobi/keep_top_04/cleaned_sobi_220127_F4_run2_fluorescence,1,2533,635,0.5063582153890366,0.4657920465655624,0.5051248892401274
bout_state,classification,null_within,sobi/keep_top_04/cleaned_sobi_220127_F4_run2_fluorescence,sobi/keep_top_04/cleaned_sobi_220127_F4_run2_fluorescence,2,2534,634,0.5413519773279818,0.5172211808809747,0.5741084401478861
bout_state,classification,null_within,sobi/keep_top_04/cleaned_sobi_220127_F4_run2_fluorescence,sobi/keep_top_04/cleaned_sobi_220127_F4_run2_fluorescence,3,2533,635,0.4894078947368421,0.47378016441262266,0.4805
bout_state,classification,null_within,sobi/keep_top_04/cleaned_sobi_220127_F4_run2_fluorescence,sobi/keep_top_04/cleaned_sobi_220127_F4_run2_fluorescence,4,2536,635,0.5106099043390941,0.30406565656565654,0.5128428729982559
bout_state,classification,null_within,sobi/keep_top_05/cleaned_sobi_220127_F4_run2_fluorescence,sobi/keep_top_05/cleaned_sobi_220127_F4_run2_fluorescence,0,2536,635,0.4867778456074144,0.33506203473945406,0.5146095787779565
bout_state,classification,null_within,sobi/keep_top_05/cleaned_sobi_220127_F4_run2_fluorescence,sobi/keep_top_05/cleaned_sobi_220127_F4_run2_fluorescence,1,2533,635,0.4970663601312355,0.4479353792884005,0.4987427257705295
bout_state,classification,null_within,sobi/keep_top_05/cleaned_sobi_220127_F4_run2_fluorescence,sobi/keep_top_05/cleaned_sobi_220127_F4_run2_fluorescence,2,2534,634,0.5423661761109433,0.5183826225190425,0.5485880338929409
bout_state,classification,null_within,sobi/keep_top_05/cleaned_sobi_220127_F4_run2_fluorescence,sobi/keep_top_05/cleaned_sobi_220127_F4_run2_fluorescence,3,2533,635,0.5041447368421053,0.4900543612552508,0.49552631578947365
bout_state,classification,null_within,sobi/keep_top_05/cleaned_sobi_220127_F4_run2_fluorescence,sobi/keep_top_05/cleaned_sobi_220127_F4_run2_fluorescence,4,2536,635,0.4917948311400032,0.3286053424302272,0.506421436499128
bout_state,classification,null_within,sobi/keep_top_06/cleaned_sobi_220127_F4_run2_fluorescence,sobi/keep_top_06/cleaned_sobi_220127_F4_run2_fluorescence,0,2536,635,0.5337421610522226,0.38578869047619047,0.537987679671458
bout_state,classification,null_within,sobi/keep_top_06/cleaned_sobi_220127_F4_run2_fluorescence,sobi/keep_top_06/cleaned_sobi_220127_F4_run2_fluorescence,1,2533,635,0.4958749431233087,0.4543312543312543,0.490869794285988
bout_state,classification,null_within,sobi/keep_top_06/cleaned_sobi_220127_F4_run2_fluorescence,sobi/keep_top_06/cleaned_sobi_220127_F4_run2_fluorescence,2,2534,634,0.5206004632227066,0.5084683955860767,0.5315120912635047
bout_state,classification,null_within,sobi/keep_top_06/cleaned_sobi_220127_F4_run2_fluorescence,sobi/keep_top_06/cleaned_sobi_220127_F4_run2_fluorescence,3,2533,635,0.48743421052631575,0.475790147584069,0.5088684210526315
bout_state,classification,null_within,sobi/keep_top_06/cleaned_sobi_220127_F4_run2_fluorescence,sobi/keep_top_06/cleaned_sobi_220127_F4_run2_fluorescence,4,2536,635,0.4980907457322552,0.3352442671984048,0.5001057026584218
