method,component,ic_variance,ic_std,excess_kurtosis,abs_excess_kurtosis,robust_peak_density,max_abs_robust_z,lag1_autocorr,lag5_autocorr,lag10_autocorr,window_variance_ratio,zero_crossing_rate,spectral_total_power,peak_freq_hz,low_freq_power_ratio,high_freq_power_ratio,spectral_entropy,narrowband_ratio,loading_l1,loading_l2,loading_hoyer_sparsity,max_median_loading_ratio,strong_loading_fraction,behavior_corr_angle,behavior_corr_vigor,behavior_corr_bout_state,max_abs_behavior_corr
fastica,0,1.0,1.0,4.466626502433178,4.466626502433178,0.004722921914357683,7.096199109510285,0.7473217975501967,0.6176938873936031,0.5509307821562092,3.863081651189726,0.29606299212598425,45.60313438348361,0.021184800000000004,0.7563631207481175,0.0,0.6848108638008618,102.75941717657237,135.04592476898836,7.7576339392346885,0.41507480854061085,22.3573734845508,0.12203791469194313,0.10011918008858767,0.10643738974871492,0.1116517902398823,0.1116517902398823
fastica,1,1.0,1.0,2.756880487957517,2.756880487957517,0.0012594458438287153,8.102968517794952,0.3325086630240509,0.13937224017818364,0.10970699480539801,2.196050824950967,0.382992125984252,45.12400598860309,0.04236960000000001,0.4017810633340546,0.0,0.9512308480352377,9.430425052631495,81.81928881421062,6.191994604252692,0.5645992760935554,78.17458627578014,0.07819905213270142,0.019781108025985348,-0.011796340548456585,-0.005322048042087206,0.019781108025985348
fastica,2,1.0000000000000002,1.0,4.631540147793166,4.631540147793166,0.004093198992443325,7.295824217077515,0.6454766389371344,0.598162483032254,0.5501261531884845,3.545129829057892,0.3382677165354331,37.91352371684834,0.021184800000000004,0.6239118530902332,0.0,0.7696651433396379,60.60517045829683,287.3185452302522,14.903956464297556,0.348416704167484,13.959627447611794,0.0971563981042654,-0.020777739266368195,-0.009097390384678163,0.0051443410320419335,0.020777739266368195
fastica,3,1.0000000000000002,1.0,6.5125796294065434,6.5125796294065434,0.004408060453400504,9.261513974089777,0.659910044978053,0.564650638750385,0.5008871839162174,3.182619771995867,0.3247244094488189,42.36026698756853,0.021184800000000004,0.6800358097014273,0.0,0.7449626050028638,61.00452070069671,176.86496732137272,10.430646184587658,0.4311826583309278,24.39940580487331,0.07938388625592417,-0.08433626746605122,0.002239700128941719,0.0034952934034961193,0.08433626746605122
fastica,4,0.9999999999999997,0.9999999999999998,31.977583985000074,31.977583985000074,0.01920654911838791,19.80996240491994,0.8683750542734858,0.826006488843689,0.7721442341740365,16.799880784542022,0.31181102362204727,32.790535484428105,0.021184800000000004,0.8429605626545661,0.0,0.5398571785303168,195.62353052704898,331.6059772457661,18.096392733335968,0.3824104155224704,16.615498034416582,0.10545023696682465,-0.018501644024981893,0.03167371104802209,0.013815139069131593,0.03167371104802209
fastica,5,0.9999999999999999,0.9999999999999999,7.646654140563246,7.646654140563246,0.014798488664987406,8.728543063687836,0.7837118579683862,0.7452821429402774,0.6979128830495572,6.715065582807535,0.2963779527559055,37.25574361462292,0.021184800000000004,0.7667908450911879,0.0,0.6344301202551762,117.65420051756674,222.52031812963656,10.700558632020119,0.2943307826357491,10.166243467301474,0.07819905213270142,-0.04426963695438852,0.009685094217018153,0.003928666787926717,0.04426963695438852
fastica,6,1.0,1.0,39.96723431522601,39.96723431522601,0.015743073047858942,23.337868484688478,0.7914253928013693,0.7067460986284615,0.627945231165614,13.261978537511306,0.351496062992126,43.017830989629175,0.021184800000000004,0.7635567892676997,0.0,0.6535195939614302,100.01333512472264,179.68280617910008,11.536678420997404,0.4804262076858518,29.82591783456495,0.13270142180094788,-0.01345157580396458,-0.011286793469234573,-0.010698761715887935,0.01345157580396458
fastica,7,1.0,1.0,94.39396056104019,94.39396056104019,0.011335012594458438,36.010472462140584,0.9100994837398496,0.8627731743412494,0.7917856646184849,18.239613328424262,0.2683464566929134,12.791913343936743,0.021184800000000004,0.7295572117176797,0.0,0.7120520878414479,77.50828595817461,295.51164364455883,17.42029512472864,0.4309202615009752,25.197265326394295,0.09360189573459715,-0.0676080344716841,-0.03837140015089556,-0.03553340882712547,0.0676080344716841
fastica,8,1.0000000000000002,1.0,0.8200986693888397,0.8200986693888397,0.00031486146095717883,6.701889516379784,-0.007445213445769149,0.1702551327671177,0.05260876307733429,1.193132018462221,0.5080314960629921,46.090352521070905,1.1651640000000003,0.20487468162186873,0.0,0.9583461754998966,6.184503879521148,119.35151193890934,6.288091462952841,0.3590200818308782,16.017005089174987,0.07109004739336493,-0.012408539923547401,0.008214633001690858,0.008605066837601674,0.012408539923547401
fastica,9,1.0,1.0,10.640759478871024,10.640759478871024,0.01102015113350126,9.611593907584343,0.7339241864812812,0.6956857736123592,0.6552213144211387,5.8758858963236165,0.3278740157480315,34.68146004515401,0.021184800000000004,0.6987348241568093,0.0,0.7070159924324794,85.21665277732572,155.3774541334642,7.998900130186971,0.3431818122641435,13.73840100017229,0.10545023696682465,-0.07137485523428726,-0.009289757538722082,-0.01875182487140365,0.07137485523428726
fastica,10,1.0,1.0,26.259666278167728,26.259666278167728,0.015113350125944584,15.565198102004967,0.841255793520686,0.7774987289958455,0.6874542149467627,8.797763351118665,0.29543307086614173,40.53320684417331,0.04236960000000001,0.8432089706691064,0.0,0.5789268527629424,167.46967944268272,305.211468435415,17.730465866134697,0.42199691359453756,21.945817029957055,0.0995260663507109,0.0011933617846117373,-0.05002736248036113,-0.03982451190253522,0.05002736248036113
fastica,11,1.0,1.0,8.580594416101349,8.580594416101349,0.019836272040302267,10.134093425268347,0.83599123518706,0.7950285202114102,0.7429595743180526,6.190237331388968,0.3111811023622047,30.13953527717184,0.021184800000000004,0.7940108065078885,0.0,0.5962319376940899,168.09730914916338,278.0399270483736,16.284721730515006,0.4269979990336987,25.98041566645038,0.1481042654028436,0.02876663041528274,0.03437657280558088,0.02434759864147635,0.03437657280558088
fastica,12,1.0000000000000002,1.0,15.336436873507846,15.336436873507846,0.012594458438287154,11.631148322107089,0.8357606396996706,0.7917941423667032,0.7225198935212414,8.130742425579706,0.2620472440944882,33.788056905026785,0.021184800000000004,0.8075085202301041,0.0,0.6209087609998886,118.4363916625647,171.65266449090257,9.210025197435543,0.3712465628103728,19.9808350128952,0.07345971563981042,0.021807293805087037,0.03292814310921559,0.026004344528549973,0.03292814310921559
fastica,13,1.0,1.0,18.825208020312587,18.825208020312587,0.020780856423173802,13.753113660937014,0.8829196163344072,0.8386696690011051,0.7890981696000785,9.144969415406168,0.26393700787401575,30.335032462712427,0.021184800000000004,0.8420116254311113,0.0,0.5248405803415318,268.7471662316716,216.81750549114435,12.30539587853272,0.4075324179352599,22.720225788428937,0.11611374407582939,-0.021817188218360616,0.051036787161500556,0.05550265018755485,0.05550265018755485
fastica,14,0.9999999999999999,0.9999999999999999,17.313748766138453,17.313748766138453,0.020151133501259445,12.693357553141801,0.8459045663234495,0.8070658699428416,0.7418036560910042,10.345484606051366,0.30015748031496065,35.57797663107583,0.021184800000000004,0.8238323011636614,0.0,0.5481781472089888,206.7601270479615,277.34302688651155,15.352737073955947,0.39166817621390243,15.881192318839734,0.11848341232227488,-0.002495741889822997,0.016360635254164358,0.03019279984706847,0.03019279984706847
fastica,15,1.0,1.0,46.08484333853903,46.08484333853903,0.010705289672544081,20.44634347027837,0.7874365916197397,0.6851817049947343,0.5939451414437231,9.126703595709987,0.35590551181102364,36.978642973249805,0.021184800000000004,0.7713651725584824,0.0,0.6685060718346736,123.84528414915282,195.73903058861328,11.593287373355977,0.43376561819462833,29.004810118904707,0.13033175355450238,0.009542560262972554,0.06423902143991451,0.06421313600495324,0.06423902143991451
fastica,16,1.0,1.0,9.151554293778043,9.151554293778043,0.010390428211586901,9.22988662211707,0.8488395739374515,0.7245007157671828,0.5579594875321373,3.389668722861306,0.2670866141732283,43.694799440542035,0.021184800000000004,0.8639487557688436,0.0,0.6188987365800348,145.91551557236863,180.7224656644699,10.83921567371019,0.44128046467033066,34.41720819366791,0.11611374407582939,0.025556001831133053,0.008262753432851313,0.011857328478171258,0.025556001831133053
fastica,17,1.0,1.0,4.414649286790379,4.414649286790379,0.004093198992443325,6.9000578861712265,0.7130757031530497,0.6322408795444495,0.60612767339728,3.680675914894249,0.318740157480315,32.26545574306476,0.021184800000000004,0.6293660150102496,0.0,0.7596231194217806,79.66289701893524,235.2385066476677,12.65309770969784,0.3728939602976108,14.679479862932908,0.11492890995260663,-0.036018127742282434,-0.028093154807678048,-0.025878246657522395,0.036018127742282434
fastica,18,1.0,1.0,1.3185464466314718,1.3185464466314718,0.0,5.524620072570146,0.5036126155464973,0.27952462948964474,0.25190780010129654,1.755681024496207,0.3681889763779528,47.27849226615889,0.04236960000000001,0.517376151539734,0.0,0.8817865099016873,20.77688649927447,180.5533847261841,10.93465123583776,0.44701922356744955,30.910252602492545,0.11374407582938388,-0.04769946956519405,-0.022680670642522133,-0.021450757464295925,0.04769946956519405
fastica,19,0.9999999999999997,0.9999999999999998,3.2395317129932657,3.2395317129932657,0.0009445843828715365,7.199850214639495,0.6876286603737688,0.6427637895715365,0.5927804084913418,3.2087349672744994,0.32535433070866143,34.036145477747276,0.021184800000000004,0.6281966919787417,0.0,0.7764719331252945,55.869550310057406,178.80286845621703,9.911755459723725,0.39256841211466725,16.61518945801325,0.10900473933649289,-0.009930584156200375,-0.022010073766878593,-0.016752345562682954,0.022010073766878593
fastica,20,1.0000000000000002,1.0,11.61788468846053,11.61788468846053,0.010705289672544081,11.705369561210857,0.7357422036627248,0.6446029991269641,0.5636876256965487,4.771593407881804,0.3237795275590551,35.581506645012915,0.021184800000000004,0.7088640240195543,0.0,0.7180338373307643,80.13641189146865,206.18145190848395,10.391487441065733,0.3283332277963263,10.47760911098079,0.07819905213270142,0.018937349767707626,-0.07730109773996728,-0.07609784279476525,0.07730109773996728
fastica,21,1.0000000000000002,1.0,2.439655385244947,2.439655385244947,0.0009445843828715365,6.413952231511284,0.5808411723998481,0.4073271793653247,0.37396706999357027,2.582377823022437,0.35874015748031496,43.81271529681131,0.021184800000000004,0.5881338379837289,0.0,0.8477176710914588,33.968715656127586,198.3135140596425,11.59721845699755,0.426055976455051,19.97622519385147,0.14336492890995262,-0.015978768496982983,0.07665931519537741,0.08145070005678066,0.08145070005678066
fastica,22,1.0,1.0,1.4349534594520863,1.4349534594520863,0.00031486146095717883,6.113953973738883,0.31617345871256886,0.23786511271325142,0.19032090283583353,1.6865827911858036,0.4324409448818898,45.760018325033954,0.04236960000000001,0.40159760820092155,0.0,0.9368757803475395,11.312374672242976,104.69034208638362,6.064107520565404,0.42021535001150906,33.081278341011114,0.11611374407582939,-0.009202672996799974,-0.05692924180910886,-0.050526649099782994,0.05692924180910886
fastica,23,1.0000000000000002,1.0,0.6844226769981439,0.6844226769981439,0.0,4.813391063753705,0.19173442828387072,0.11355121288089581,0.11387746950314677,1.0659593469396393,0.45448818897637794,47.19546726057288,0.04236960000000001,0.30417860607005964,0.0,0.9737132183004447,6.373155155142263,135.2206444683274,8.279137137651333,0.4534124591221916,36.236697494299186,0.0924170616113744,0.0027822356845836524,0.051648927830704926,0.03905969534842351,0.051648927830704926
fastica,24,1.0,1.0,8.93869481727014,8.93869481727014,0.013853904282115869,10.683348196159978,0.7950625844449685,0.7342414508405036,0.6305978647132227,5.158713737937807,0.29322834645669293,36.40754401465485,0.021184800000000004,0.7758251594403138,0.0,0.6588500964851111,126.06882911142743,209.65775590809307,12.292709854074495,0.42764726463437436,27.600337751281714,0.1018957345971564,0.05282276433942983,0.04916661473629303,0.04968990066831267,0.05282276433942983
fastica,25,1.0,1.0,7.196936572054655,7.196936572054655,0.015743073047858942,8.373843304157832,0.7000592861317497,0.6580822309363717,0.6354477021319146,5.87510019161472,0.35023622047244096,33.58251001692138,0.021184800000000004,0.6511867812222358,0.0,0.731945072070678,75.8855036261976,192.58045658888096,10.874118464144603,0.40431430654649464,22.14357625648231,0.1066350710900474,-0.07863298810323018,-0.06961263604351009,-0.055434130701570807,0.07863298810323018
fastica,26,0.9999999999999999,0.9999999999999999,8.062216827410237,8.062216827410237,0.008816120906801008,12.242086905598034,0.42689469680712594,0.005850710877074458,0.16427206895179913,1.4656394553079306,0.3568503937007874,48.43366440521635,0.04236960000000001,0.376508450728355,0.0,0.945971161392266,7.201953684384084,130.30619639028657,8.220418843420646,0.47056544793811433,38.26025036303801,0.1481042654028436,0.1296748561930858,0.5090147142639319,0.4261015510484821,0.5090147142639319
fastica,27,1.0,1.0,5.529589600907455,5.529589600907455,0.005037783375314861,6.9719705644707375,0.5815737750049669,0.457878173890155,0.4553066103813682,3.398419484321686,0.3732283464566929,42.13473880977091,0.021184800000000004,0.5687579020379773,0.0,0.8199696497094205,39.312682713938756,200.85356914162753,10.307224078957114,0.34097777872820123,16.72445905881376,0.06872037914691943,0.06182544992787941,0.13990737023461652,0.13218398484535804,0.13990737023461652
fastica,28,1.0,1.0,15.684232503262237,15.684232503262237,0.030541561712846346,14.647638682846987,0.8750303137442275,0.8513283205692244,0.8178365670945873,16.68684443398867,0.31181102362204727,30.139028485832153,0.021184800000000004,0.8356407734465315,0.0,0.48395731204042947,278.7696346041706,328.6127336188342,16.875861846193114,0.34148849786286595,11.54325320105624,0.09123222748815166,0.012193341448128125,-0.002935552961330437,-0.02044331289761625,0.02044331289761625
fastica,29,1.0000000000000002,1.0,9.45345737212,9.45345737212,0.012279596977329974,9.814856333427631,0.7949373806564213,0.7349631585159648,0.6422359144345737,6.653382182764108,0.2985826771653543,43.57756463921644,0.04236960000000001,0.81253936151083,0.0,0.6177965996295472,126.27834492330038,189.37805275747354,9.835511927965916,0.3492539345161201,16.14223305264758,0.10071090047393365,-0.08428814206143219,0.026097924589896487,0.008214530149031746,0.08428814206143219
fastica,30,0.9999999999999999,0.9999999999999999,9.548162665463101,9.548162665463101,0.006297229219143577,12.631261307654281,0.7432851264674855,0.5758102206856016,0.45469529994822466,2.669425131315312,0.31275590551181104,47.5467874269331,0.04236960000000001,0.7838510193746878,0.0,0.7122816885651504,80.79684446242932,194.50754825216802,12.655226372338635,0.4877404237675245,36.4251483299441,0.10545023696682465,-0.11686103892009184,0.007067349320955141,-0.002008042496716988,0.11686103892009184
fastica,31,0.9999999999999999,0.9999999999999999,7.331003695289331,7.331003695289331,0.03809823677581864,9.740926975828176,0.8536643311036733,0.819660905362089,0.800063725480304,12.291603410430543,0.29448818897637796,20.6683897773611,0.021184800000000004,0.7183763736718156,0.0,0.6734781816179894,118.02080952496328,248.51065580303094,12.81456670988933,0.3443235225018127,12.5671633235868,0.09360189573459715,-0.025262009794323755,-0.03910906958862652,-0.03977125769847928,0.03977125769847928
fastica,32,0.9999999999999997,0.9999999999999998,24.326444778706865,24.326444778706865,0.017317380352644837,14.150012265594436,0.817347482593704,0.7808408512795356,0.723410742841949,10.982015669992554,0.32881889763779526,42.50395342163805,0.021184800000000004,0.8280007103025429,0.0,0.5476406451805436,171.23642132036485,328.94567540189803,18.667015992340016,0.40745933532590406,20.28682498549839,0.12322274881516587,0.06807927980218209,0.07601527448338256,0.06524865248007014,0.07601527448338256
fastica,33,1.0,1.0,18.70619276567154,18.70619276567154,0.02707808564231738,14.023444674816893,0.8753903689186697,0.8375853349739172,0.7951467680110689,15.84453973158016,0.30173228346456693,32.45241550882564,0.021184800000000004,0.8422537158599063,0.0,0.5313303166361333,263.09246164420426,356.0755653263615,20.54124290153982,0.4176938366388791,20.70771992870543,0.12085308056872038,-0.04119443384266671,-0.03660082604052782,-0.011508662924228677,0.04119443384266671
fastica,34,1.0,1.0,1.6202543050989107,1.6202543050989107,0.0,5.632576975198477,0.37189329973175045,0.27113915432110425,0.1997016777296561,2.356014759577016,0.417007874015748,43.70013770465294,0.08473920000000001,0.39954481306320366,0.0,0.935195325456504,9.325251814798774,146.8996481396339,7.510959240708804,0.33843384151369615,13.393653049235628,0.08649289099526067,0.01053251348437531,0.04254926303823615,0.03836125321396076,0.04254926303823615
fastica,35,1.0,1.0,5.195313015354589,5.195313015354589,0.004408060453400504,8.365995752633978,0.6410903869919433,0.5859020083005342,0.5198004199600514,2.8282999144477223,0.33448818897637794,41.69602229583925,0.021184800000000004,0.6589276780575031,0.0,0.7388429604334449,73.44567911284932,217.4400862159056,11.13574303569381,0.33956463062081144,16.002015169494342,0.07464454976303317,-0.0035946174395392804,-0.003421507380256998,-0.009863913342704396,0.009863913342704396
fastica,36,1.0,1.0,8.56860573120417,8.56860573120417,0.011649874055415618,8.686329796403093,0.7139334926453029,0.655851679370705,0.5965669224383073,5.591641740979005,0.3401574803149606,36.03449861270535,0.021184800000000004,0.682600346291462,0.0,0.7182055737025955,73.38297518904608,264.1903352917918,14.370896920498328,0.38029713086696415,14.45100142965485,0.12677725118483413,-0.0371188009873513,-0.022281583367023287,-0.008761782275918853,0.0371188009873513
fastica,37,1.0000000000000002,1.0,5.1622721257759,5.1622721257759,0.0053526448362720405,7.4376866693777615,0.7695099897567124,0.6679257702620001,0.5932929410305384,3.571607586245928,0.28346456692913385,35.0367146937829,0.021184800000000004,0.7257968921067215,0.0,0.7277969596730572,79.94627556546803,192.33145807511465,10.017672292847283,0.3512253944329986,24.614760289818303,0.08767772511848342,0.054454062524955764,0.017648314195763407,0.010990293592665751,0.054454062524955764
fastica,38,1.0000000000000002,1.0,62.15632304072122,62.15632304072122,0.01605793450881612,29.05501641385432,0.9325321446654969,0.8728746336878619,0.7670880377353305,21.55052396554485,0.2929133858267717,39.80917896601892,0.021184800000000004,0.9344765283816099,0.0,0.4700058132947871,482.96980147469225,247.1328238116638,15.580816195314192,0.47021519248931704,35.468308499207446,0.08886255924170616,0.051568219278465714,0.03979815014730413,0.04505069479167241,0.051568219278465714
fastica,39,0.9999999999999999,0.9999999999999999,6.299723401007563,6.299723401007563,0.0053526448362720405,8.649730612512068,0.5734260297121715,0.49032060902698515,0.40828982510531714,3.7869884792973485,0.3795275590551181,35.30086041075903,0.021184800000000004,0.5219843264207599,0.0,0.8806866390392479,24.028130024388727,200.28193185451468,10.107678945057303,0.32927972676443534,12.266585984419434,0.08886255924170616,0.022469996207217926,0.06641368652036649,0.0575062538179062,0.06641368652036649
fastica,40,1.0,1.0,8.056427729876802,8.056427729876802,0.010705289672544081,9.443542808789775,0.8167989554389923,0.7396797153754212,0.6956301207165867,5.556112295480963,0.27244094488188975,29.444494553755817,0.021184800000000004,0.7444551165225284,0.0,0.6825652072665539,117.79313840023937,243.4307201700525,12.632557175476759,0.3486982745274631,11.712911133877473,0.07938388625592417,0.021403855711173054,-0.04382917467846715,-0.04963281953522895,0.04963281953522895
fastica,41,0.9999999999999999,0.9999999999999999,15.484189100030282,15.484189100030282,0.05100755667506297,20.874622716902255,0.9292634140752276,0.9019856061277329,0.8834382696063671,35.51177184555007,0.24031496062992125,18.632300023337407,0.021184800000000004,0.828587769885879,0.0,0.5151593597167252,307.649090450967,253.81120447495206,19.376022165063187,0.5686802757848126,57.415198581528436,0.0971563981042654,-0.045052134562634884,0.006822959140811454,0.0003453125074366529,0.045052134562634884
fastica,42,1.0000000000000002,1.0,94.26533323330267,94.26533323330267,0.007556675062972292,29.54227943852886,0.5649891645201017,0.18804482508685147,0.07433418407281704,2.94947481388806,0.39968503937007877,39.899963098825765,0.021184800000000004,0.5372128366381378,0.0,0.9103929831417085,13.306498646595259,148.5276767467192,6.984535007707058,0.2775754665136469,10.54251588479133,0.05687203791469194,0.0005820092218468162,0.0024740391168183587,-0.015379607154184953,0.015379607154184953
fastica,43,0.9999999999999997,0.9999999999999998,12.18752213480511,12.18752213480511,0.017947103274559194,10.371951792221642,0.7833932178604441,0.7219190978956744,0.6767404677825466,7.82325665234248,0.3184251968503937,33.38955003498292,0.021184800000000004,0.7383675918494983,0.0,0.6723098942228285,107.11727936101389,231.77687527982494,12.525508905901253,0.37599498221066496,22.86373885665326,0.07345971563981042,0.010502190311064055,-0.04487177914241013,-0.049748395220945964,0.049748395220945964
fastica,44,1.0,1.0,1.235218406933857,1.235218406933857,0.0,5.4433329178380765,0.4404380269918058,0.28899228256553416,0.24348044247236503,1.5155480030276147,0.37606299212598426,47.00214475390516,0.04236960000000001,0.4841348761450784,0.0,0.8915502883503593,20.240913351988887,145.015468565246,8.373739023102216,0.41829193846486706,22.56782095397753,0.11848341232227488,0.03286891690050772,0.006896914412680181,0.030172471758198715,0.03286891690050772
fastica,45,1.0000000000000002,1.0,71.91626836967512,71.91626836967512,0.016687657430730477,30.532829928958602,0.8968906926337056,0.8163842719206251,0.7133726823487759,21.40044110180919,0.33448818897637794,48.34698360296409,0.04236960000000001,0.911153174063726,0.0,0.5277500246788084,306.5369198258693,240.60421099607703,16.75669578102364,0.5237828338292386,50.5490001685204,0.1481042654028436,0.01727319859478433,0.039178076403450925,0.02035170862207212,0.039178076403450925
fastica,46,1.0000000000000002,1.0,0.34085651223147595,0.34085651223147595,0.0,4.785484030095151,0.11815886896006592,0.26025565160767256,0.09187749655466994,1.3192742828995303,0.46393700787401576,46.797206783390834,1.1651640000000003,0.18977286047793301,0.0,0.9116038658173937,15.79067771392236,159.0716121821087,7.983114266231694,0.32531631005935197,13.460787334427136,0.06279620853080568,-0.007944584972243655,0.00652628764221841,0.009907721244676298,0.009907721244676298
fastica,47,0.9999999999999999,0.9999999999999999,27.20578930546116,27.20578930546116,0.015428211586901764,15.530370296033626,0.85992022519327,0.8065597464978114,0.7252292941199385,11.182839029017137,0.28566929133858265,34.35356304869676,0.021184800000000004,0.8383264103497822,0.0,0.5680956439801099,204.4615834396726,172.749090470029,10.99914628451501,0.47576463528453933,30.506689075543242,0.09004739336492891,0.04154593365676677,0.03141740436044202,0.01905526390597288,0.04154593365676677
fastica,48,1.0000000000000002,1.0,87.24033389051081,87.24033389051081,0.01322418136020151,35.331221407938514,0.9435206354021358,0.8015330036638696,0.6065338017797891,21.754556452718383,0.2658267716535433,50.81453405994501,0.04236960000000001,0.953142318948226,0.0,0.5421245625251924,469.2603568596324,287.1482308535089,21.17934086952484,0.5523283894447045,46.18817325395117,0.1457345971563981,-0.001649732782198928,-0.036361102718465765,-0.023124248913753993,0.036361102718465765
fastica,49,0.9999999999999999,0.9999999999999999,18.87004542323212,18.87004542323212,0.011649874055415618,12.000654381223892,0.8239971645162513,0.746470953064289,0.6578953749944081,5.496301501561416,0.30393700787401573,44.364284413221874,0.04236960000000001,0.843928083514359,0.0,0.5841573406065564,161.3847228816102,181.58050463870902,10.154293224032237,0.39817713980792074,18.58947363871047,0.08056872037914692,-0.02380821436614319,-0.06438438348178922,-0.06790591904397202,0.06790591904397202
